x_roll, y_pitch, z_yaw
0.0, 0.0, 0.0
4.03, 6.46, -39.37
4.1, 6.41, -39.28
4.1, 6.44, -39.23
4.13, 6.5, -39.16
4.1, 6.49, -39.15
4.06, 6.34, -39.11
4.05, 6.4, -39.03
4.01, 6.29, -39.02
3.75, 6.54, -39.06
4.01, 6.43, -38.98
3.95, 6.32, -38.82
4.13, 6.28, -38.96
4.14, 6.2, -39.07
4.22, 7.35, -39.39
4.25, 10.18, -39.6
3.98, 12.12, -40.17
3.94, 14.96, -41.38
4.06, 15.39, -42.63
4.24, 14.18, -43.04
4.1, 11.76, -43.31
4.16, 8.82, -42.8
4.29, 5.32, -41.58
4.24, 4.37, -40.94
4.05, 5.07, -40.05
4.14, 7.77, -39.91
4.03, 9.12, -40.4
4.05, 9.0, -40.58
4.12, 6.78, -40.83
4.12, 5.02, -40.2
4.25, 5.02, -39.76
4.29, 6.03, -39.51
3.99, 8.43, -39.78
4.02, 8.07, -40.12
4.01, 7.54, -40.28
4.12, 5.94, -40.03
4.07, 5.53, -39.63
4.05, 6.35, -39.49
4.04, 8.1, -39.48
4.07, 7.85, -40.13
4.07, 6.64, -40.1
4.07, 5.63, -39.74
4.06, 6.33, -39.47
4.02, 7.17, -39.57
4.0, 7.88, -39.61
3.99, 7.74, -39.73
3.98, 7.65, -39.78
4.03, 7.52, -39.8
3.97, 7.23, -39.91
4.01, 6.87, -39.73
4.03, 6.59, -40.53
4.05, 6.34, -40.43
4.06, 6.15, -40.34
4.06, 6.03, -40.24
4.06, 5.9, -40.1
4.11, 5.79, -39.88
4.15, 6.06, -39.72
4.11, 6.16, -39.73
4.1, 6.31, -39.66
4.06, 6.55, -39.64
4.0, 6.74, -39.58
4.03, 6.95, -39.71
3.98, 7.13, -39.65
4.0, 7.39, -39.66
3.99, 7.56, -39.68
4.07, 7.69, -39.74
4.11, 7.61, -39.85
4.18, 7.64, -40.12
4.19, 7.86, -40.0
4.11, 8.15, -39.99
4.08, 8.8, -40.04
4.17, 9.56, -40.1
3.99, 10.79, -40.38
3.88, 12.51, -40.58
3.91, 14.81, -40.94
3.87, 17.52, -41.52
3.89, 20.01, -42.07
4.04, 22.34, -43.0
4.06, 24.7, -44.1
4.06, 25.91, -45.33
3.6, 27.32, -46.85
3.78, 28.37, -47.96
3.6, 28.34, -49.14
4.24, 26.06, -49.74
4.56, 23.94, -50.43
4.19, 21.77, -51.07
4.21, 18.94, -51.14
3.97, 16.81, -51.04
3.33, 15.3, -50.73
3.48, 13.29, -50.05
3.59, 10.8, -49.27
3.4, 9.02, -48.47
3.67, 7.44, -47.34
5.15, 3.97, -45.44
5.04, 3.96, -44.6
4.94, 4.71, -44.2
5.1, 5.78, -43.82
4.64, 8.18, -43.54
3.72, 11.78, -43.5
3.28, 14.81, -43.69
3.51, 16.93, -43.86
3.69, 18.6, -44.34
3.48, 20.45, -44.74
3.71, 21.11, -45.06
4.72, 20.61, -45.18
5.32, 19.71, -45.24
4.74, 19.19, -46.1
4.68, 18.47, -46.59
4.36, 16.72, -47.19
3.58, 16.76, -47.28
3.57, 16.1, -47.09
3.84, 14.85, -46.74
3.52, 13.95, -46.56
3.55, 13.02, -46.39
4.39, 11.15, -45.55
4.86, 9.57, -45.1
4.87, 9.03, -44.53
4.94, 8.78, -44.23
5.22, 8.4, -44.02
4.95, 9.12, -44.12
4.09, 11.18, -44.28
3.52, 13.36, -44.42
3.69, 15.0, -44.24
3.83, 15.9, -44.32
3.49, 17.17, -44.63
3.61, 18.17, -44.58
4.33, 17.4, -44.48
5.16, 16.47, -44.33
5.1, 16.04, -44.55
4.45, 15.59, -45.09
4.49, 15.04, -45.4
4.48, 14.64, -45.9
3.81, 15.29, -46.19
3.3, 16.15, -46.3
3.42, 15.9, -46.12
3.61, 15.3, -45.71
3.43, 14.74, -45.67
3.63, 13.84, -45.61
4.55, 12.27, -45.02
5.18, 10.97, -44.6
5.03, 10.55, -44.53
4.79, 10.61, -44.56
4.94, 10.45, -44.79
4.59, 11.1, -44.9
3.78, 12.87, -45.41
3.63, 14.45, -45.21
3.78, 15.26, -45.03
3.6, 15.75, -45.09
3.35, 16.77, -45.24
3.8, 16.76, -45.23
4.71, 15.33, -44.99
5.17, 14.4, -44.95
4.88, 13.98, -45.35
4.81, 13.65, -45.46
5.05, 13.18, -45.75
4.5, 13.54, -46.3
3.7, 14.73, -46.32
3.54, 15.25, -46.42
3.79, 15.21, -46.09
3.6, 15.44, -45.89
3.4, 15.71, -46.06
4.15, 14.73, -45.79
4.87, 13.13, -45.46
4.96, 12.49, -45.31
4.67, 12.47, -45.17
4.94, 12.23, -45.16
4.95, 12.32, -45.18
4.22, 13.55, -45.62
3.42, 15.2, -45.95
3.49, 15.91, -45.77
3.61, 16.41, -45.75
3.26, 17.03, -45.79
3.05, 17.63, -45.95
3.12, 17.57, -45.89
3.55, 17.18, -45.65
3.82, 16.84, -45.31
3.92, 16.66, -45.1
3.88, 16.16, -45.09
4.0, 15.0, -45.0
4.51, 13.97, -44.8
4.22, 14.03, -45.04
5.0, 13.71, -44.98
4.96, 13.92, -45.03
4.78, 14.31, -45.25
4.51, 14.65, -45.4
3.2, 15.54, -45.8
3.67, 15.05, -45.62
4.22, 14.56, -45.37
4.55, 14.42, -45.32
3.97, 15.06, -45.65
4.01, 14.47, -45.52
4.25, 13.78, -45.44
4.53, 13.4, -45.24
4.25, 14.05, -45.69
4.11, 13.43, -45.5
4.08, 13.04, -45.47
3.99, 12.75, -45.36
4.2, 13.0, -45.21
4.29, 12.76, -45.01
4.02, 12.76, -44.92
4.15, 12.88, -44.63
4.57, 13.24, -44.58
4.29, 12.93, -44.31
3.75, 13.5, -44.88
3.02, 14.83, -44.87
3.71, 13.58, -44.15
3.18, 11.68, -43.96
2.71, 9.65, -44.61
2.27, 7.2, -44.25
3.32, 2.74, -43.43
3.08, -3.51, -42.55
2.85, -10.74, -41.39
3.62, -17.19, -40.51
3.58, -21.46, -39.35
4.34, -21.24, -39.46
3.74, -18.5, -37.83
4.92, -14.76, -37.78
4.62, -9.6, -36.82
4.09, -3.05, -36.33
3.37, 4.5, -36.91
3.69, 11.36, -37.23
3.35, 17.55, -38.42
3.19, 21.57, -39.71
3.57, 23.5, -41.05
4.45, 24.07, -42.38
4.85, 24.78, -43.35
4.06, 24.8, -45.05
4.31, 22.98, -45.57
3.55, 21.11, -46.17
3.35, 17.32, -46.72
3.39, 13.85, -46.92
3.88, 11.41, -46.64
3.41, 10.91, -46.64
3.13, 9.62, -46.24
3.13, 8.23, -45.86
4.39, 7.49, -44.77
4.11, 8.67, -44.82
3.87, 10.65, -44.41
3.84, 12.06, -44.47
5.49, 12.26, -43.89
4.48, 13.43, -44.04
3.86, 14.05, -44.24
4.04, 14.49, -44.38
3.98, 15.36, -44.95
4.33, 15.43, -45.03
4.79, 14.56, -44.94
4.55, 13.84, -45.07
3.08, 13.35, -45.41
3.81, 12.74, -45.37
4.31, 12.72, -45.04
4.21, 13.05, -45.05
3.32, 12.04, -45.29
4.0, 10.77, -45.02
4.34, 10.65, -45.24
4.3, 11.57, -45.19
3.75, 12.69, -45.01
3.96, 12.42, -44.67
4.11, 11.9, -44.64
4.08, 11.69, -44.76
4.29, 12.1, -44.53
4.14, 12.63, -44.48
3.92, 13.2, -44.48
4.01, 13.37, -44.43
4.78, 12.88, -44.24
4.09, 12.31, -44.35
3.59, 12.13, -44.49
3.89, 12.01, -44.34
5.04, 12.05, -44.16
4.08, 12.13, -44.42
3.66, 11.46, -44.16
4.17, 10.31, -43.89
5.36, 10.08, -43.65
4.36, 11.19, -43.7
3.88, 11.59, -43.74
4.57, 10.9, -43.38
4.98, 10.69, -43.28
4.35, 10.47, -43.44
4.22, 9.96, -43.48
4.47, 10.3, -43.27
4.05, 12.04, -43.22
4.18, 11.67, -43.08
4.12, 10.86, -43.01
3.91, 10.44, -42.94
4.2, 10.59, -42.94
4.2, 11.14, -43.08
4.01, 11.7, -43.08
3.74, 11.82, -43.13
4.12, 11.23, -43.1
4.46, 11.03, -43.22
3.84, 11.73, -43.43
3.32, 12.28, -43.91
4.13, 11.5, -43.8
4.12, 11.72, -43.68
3.41, 11.77, -43.72
3.33, 11.05, -43.9
4.49, 10.13, -43.76
4.1, 11.27, -43.73
4.08, 11.47, -43.75
4.06, 10.91, -43.69
4.05, 10.19, -43.62
4.35, 10.27, -43.54
4.38, 10.5, -43.4
3.93, 11.23, -43.47
3.84, 11.44, -43.3
4.49, 11.11, -43.21
3.82, 11.23, -43.59
3.29, 11.42, -43.73
5.63, 10.11, -43.38
5.11, 11.41, -43.31
4.17, 12.07, -43.6
4.01, 11.55, -43.38
4.98, 10.57, -43.2
4.6, 10.79, -43.06
4.43, 11.03, -42.9
4.1, 11.07, -43.14
5.03, 11.39, -43.16
4.02, 10.85, -43.13
5.07, 10.28, -42.73
3.87, 10.2, -43.2
3.17, 10.69, -43.23
4.51, 10.81, -42.92
4.27, 10.65, -42.93
3.93, 10.75, -42.97
4.36, 10.18, -42.88
4.24, 10.02, -43.06
4.21, 10.44, -43.08
4.01, 10.83, -43.02
5.93, 10.35, -42.61
5.11, 10.8, -42.56
3.73, 11.1, -42.79
4.58, 11.02, -42.68
5.26, 11.6, -42.41
3.81, 11.43, -42.84
4.9, 11.24, -43.26
4.05, 11.17, -43.47
3.79, 10.2, -43.5
3.6, 10.02, -43.53
4.39, 10.17, -43.4
3.82, 11.39, -43.77
3.94, 10.87, -43.88
3.44, 11.17, -44.28
4.08, 10.98, -44.05
4.22, 10.55, -43.94
4.4, 11.07, -43.68
4.1, 11.14, -43.96
4.56, 11.13, -44.12
4.37, 10.89, -44.12
4.39, 10.4, -43.89
4.12, 10.1, -44.05
3.9, 10.27, -44.22
4.07, 10.61, -44.05
3.93, 10.1, -43.91
4.04, 10.28, -44.28
4.22, 10.46, -44.47
4.39, 10.43, -44.26
4.36, 9.86, -44.34
4.35, 9.8, -44.24
4.64, 10.04, -43.75
4.36, 9.33, -43.54
3.96, 9.74, -43.65
4.44, 9.19, -43.27
4.08, 10.6, -43.37
4.71, 10.12, -42.99
4.39, 10.77, -43.09
3.73, 9.64, -43.02
4.64, 8.77, -42.85
5.08, 7.46, -42.71
5.72, 8.59, -43.44
4.43, 9.37, -43.42
3.93, 10.62, -43.34
2.88, 9.65, -43.55
3.23, 10.33, -43.25
2.34, 9.12, -43.28
2.82, 9.25, -43.15
3.21, 10.29, -43.17
2.41, 9.23, -43.04
2.72, 9.58, -42.86
3.41, 9.73, -42.86
3.43, 8.62, -42.25
4.47, 7.43, -42.58
4.76, 8.33, -42.74
5.07, 9.24, -42.23
3.68, 10.17, -43.5
2.98, 10.45, -43.8
4.46, 11.08, -43.31
4.44, 11.33, -43.53
4.0, 11.88, -43.31
3.89, 11.0, -43.74
3.55, 8.63, -45.15
3.65, 8.21, -44.8
3.79, 8.99, -44.71
5.02, 9.85, -44.68
5.58, 10.42, -43.99
4.45, 11.3, -44.51
4.05, 11.4, -44.52
3.92, 9.12, -44.64
3.59, 8.58, -44.81
3.91, 9.51, -44.53
4.96, 10.84, -44.58
5.49, 11.44, -44.39
4.13, 10.91, -44.25
4.1, 10.42, -44.88
4.68, 9.21, -44.68
4.75, 9.64, -44.42
4.65, 11.29, -45.16
4.85, 11.38, -44.46
4.2, 9.45, -45.55
3.28, 8.33, -45.71
3.83, 8.31, -45.37
5.07, 8.07, -45.28
5.62, 8.0, -44.94
5.33, 9.0, -44.38
5.32, 10.67, -44.39
5.37, 10.44, -43.63
4.26, 8.71, -43.5
3.55, 7.87, -44.02
4.08, 7.02, -43.36
5.1, 6.93, -43.77
4.96, 7.49, -43.81
4.83, 10.02, -43.87
5.27, 11.76, -43.95
4.5, 10.79, -43.74
3.97, 9.45, -43.93
4.87, 9.13, -44.12
5.72, 8.58, -43.55
5.22, 9.08, -44.0
4.7, 9.83, -43.82
4.67, 9.22, -43.29
3.48, 7.35, -43.14
3.93, 7.85, -43.39
5.01, 8.63, -43.34
5.04, 10.22, -43.59
4.84, 12.53, -43.51
4.42, 12.06, -43.75
3.84, 10.87, -43.68
5.04, 11.28, -43.74
5.05, 10.6, -43.96
3.69, 10.0, -44.1
3.45, 9.52, -44.18
4.14, 8.64, -44.2
4.37, 9.37, -44.51
4.39, 11.91, -44.64
4.67, 13.04, -44.17
3.97, 11.15, -44.19
4.19, 11.93, -44.26
5.12, 12.33, -43.89
4.67, 10.68, -44.1
3.53, 9.18, -43.98
3.97, 8.22, -44.47
5.03, 7.7, -44.9
5.37, 8.25, -44.71
4.86, 10.77, -44.49
4.76, 11.86, -43.87
4.23, 10.27, -43.57
3.96, 9.78, -43.71
5.09, 10.29, -43.53
5.64, 10.04, -43.18
4.44, 9.13, -43.22
3.41, 8.49, -42.84
3.69, 6.92, -42.67
3.78, 5.53, -42.52
3.64, 6.04, -42.46
3.59, 7.95, -43.16
4.51, 10.3, -43.1
4.63, 10.8, -43.28
3.58, 9.99, -43.44
4.61, 9.07, -43.65
5.17, 8.68, -43.18
4.35, 8.71, -43.36
4.13, 8.06, -42.75
4.01, 5.56, -42.59
3.49, 4.5, -42.33
2.99, 4.6, -42.35
3.03, 6.0, -42.58
4.07, 7.6, -42.27
4.23, 8.78, -42.47
2.89, 9.85, -42.64
2.39, 7.35, -43.1
3.22, 3.3, -42.41
2.82, -2.67, -42.18
3.22, -11.25, -41.11
3.35, -21.11, -39.63
4.64, -30.08, -39.82
6.34, -34.28, -39.56
5.6, -32.42, -37.68
5.49, -26.49, -36.89
5.26, -17.55, -35.93
4.48, -6.74, -35.57
4.44, 3.82, -36.23
4.04, 8.8, -36.37
4.03, 8.83, -37.36
4.12, 5.2, -38.12
4.46, 1.25, -38.45
5.0, -2.48, -38.16
5.62, -4.99, -38.17
6.14, -5.36, -37.84
6.76, -4.82, -37.5
7.29, -3.02, -36.7
6.69, -0.71, -35.68
5.09, 1.73, -35.78
4.85, 3.63, -35.77
4.93, 6.01, -36.47
4.62, 7.37, -37.15
4.28, 5.48, -36.94
4.73, 4.85, -37.53
5.25, 3.17, -37.65
4.74, 1.41, -37.29
3.55, 1.55, -37.52
2.51, 2.29, -37.61
2.28, 2.45, -37.92
3.13, 2.36, -38.44
4.0, 3.42, -38.65
4.08, 6.45, -38.9
4.17, 9.81, -39.04
4.6, 11.9, -38.85
3.84, 10.57, -39.3
4.45, 10.26, -39.18
5.41, 9.32, -39.01
4.58, 8.26, -39.16
4.37, 9.87, -39.22
4.1, 12.32, -39.63
4.35, 14.92, -39.65
4.6, 14.53, -39.42
3.65, 12.28, -40.01
4.36, 11.78, -40.85
3.22, 13.92, -42.54
3.72, 20.25, -42.88
3.78, 27.99, -44.06
3.4, 36.28, -46.06
3.35, 40.18, -47.73
3.98, 41.67, -49.55
3.04, 37.92, -52.15
4.79, 35.33, -52.44
5.45, 30.25, -53.15
5.31, 25.14, -53.81
5.91, 20.84, -53.67
6.03, 17.14, -52.99
5.62, 17.64, -52.86
4.68, 20.98, -52.38
4.26, 24.16, -52.52
4.55, 26.66, -52.51
4.05, 24.28, -52.6
3.47, 22.45, -52.88
3.94, 22.25, -53.32
4.75, 20.97, -52.56
5.32, 19.47, -52.53
5.82, 18.37, -51.94
5.85, 18.09, -52.59
5.4, 18.48, -53.26
4.6, 18.78, -53.94
3.65, 18.88, -54.78
2.83, 19.54, -56.5
3.04, 21.57, -57.57
4.52, 22.44, -57.57
5.43, 22.13, -57.71
4.8, 22.03, -57.65
4.49, 22.43, -58.09
4.49, 21.03, -57.29
4.66, 18.0, -56.53
4.45, 14.65, -56.25
4.66, 14.45, -55.74
5.56, 16.68, -54.62
6.3, 19.57, -53.42
6.29, 21.26, -52.45
4.49, 21.86, -52.63
3.89, 22.32, -53.17
4.23, 20.1, -53.11
4.26, 18.41, -52.92
4.0, 17.86, -53.27
3.69, 18.23, -54.26
4.36, 21.85, -54.94
5.22, 26.36, -54.82
4.96, 27.41, -55.84
3.35, 26.8, -58.32
3.86, 27.62, -59.25
5.06, 26.02, -58.53
5.36, 23.48, -58.6
4.94, 21.58, -58.41
4.69, 19.89, -58.48
4.29, 18.52, -57.95
3.79, 17.92, -58.1
3.41, 17.79, -58.0
4.1, 18.98, -57.68
4.14, 15.93, -57.06
3.23, 12.42, -57.68
2.55, 10.44, -57.16
1.93, 9.81, -56.91
1.5, 9.77, -56.17
2.13, 6.58, -55.27
2.56, 0.38, -54.29
3.3, -6.42, -52.47
4.86, -12.51, -51.03
4.82, -15.62, -49.35
4.11, -13.41, -47.91
3.81, -9.01, -46.81
3.74, -6.78, -45.49
3.6, -4.13, -44.75
4.11, -2.47, -44.25
3.52, -2.54, -43.53
4.44, -2.27, -42.79
4.02, -5.45, -41.82
4.27, -8.32, -41.53
4.28, -12.8, -41.08
4.02, -14.99, -40.54
3.62, -15.41, -39.38
3.09, -13.61, -38.66
2.8, -11.25, -38.09
4.06, -7.86, -38.15
3.35, -5.47, -37.63
3.81, -5.1, -37.62
4.03, -3.28, -37.62
3.87, -4.11, -37.43
4.22, -4.78, -37.26
4.27, -9.88, -37.11
4.54, -18.88, -36.58
5.3, -26.02, -36.52
5.52, -29.82, -36.03
5.91, -30.66, -35.37
5.79, -29.22, -34.59
5.62, -25.58, -33.6
5.59, -21.42, -33.04
5.18, -17.81, -32.22
4.85, -14.7, -31.96
4.43, -12.37, -31.52
4.91, -10.82, -31.58
4.11, -11.47, -31.4
4.9, -10.82, -31.92
4.22, -11.97, -32.11
4.97, -12.03, -32.38
4.72, -11.89, -32.14
4.43, -14.26, -31.85
4.68, -13.64, -31.92
4.81, -12.45, -31.73
4.53, -13.25, -31.49
4.36, -12.42, -31.31
4.71, -11.14, -31.32
4.43, -10.83, -31.06
4.16, -10.34, -31.61
4.93, -10.06, -32.2
4.14, -10.66, -31.8
5.0, -10.81, -32.41
4.83, -10.34, -32.33
3.8, -11.82, -32.07
5.14, -11.41, -33.09
6.08, -10.15, -33.21
6.73, -7.02, -33.26
6.15, -2.52, -32.96
5.33, -1.64, -33.51
5.26, 0.55, -34.17
4.73, -0.94, -34.49
4.84, -1.83, -34.81
4.75, -4.34, -35.3
4.32, -6.89, -35.55
4.19, -7.22, -35.78
4.48, -6.93, -35.49
5.0, -6.52, -35.18
5.18, -5.87, -35.12
5.63, -2.9, -34.7
5.14, 0.4, -34.83
4.18, 2.09, -35.25
4.99, 3.8, -35.73
4.0, 3.68, -36.54
4.57, 2.24, -36.83
4.38, 1.34, -36.92
4.11, -1.72, -36.84
4.43, -4.84, -37.16
4.57, -5.25, -37.14
4.65, -4.1, -37.48
4.7, -1.06, -37.26
4.52, 2.14, -37.18
4.41, 5.92, -37.07
4.43, 10.03, -37.53
4.35, 11.14, -37.67
3.96, 11.24, -38.44
4.47, 12.3, -38.79
4.6, 10.78, -38.72
3.6, 8.85, -39.17
3.03, 8.01, -39.9
3.23, 8.13, -40.06
3.85, 8.59, -40.3
4.98, 9.48, -40.98
5.64, 10.92, -41.72
4.24, 14.21, -42.43
2.97, 17.76, -44.15
3.06, 22.42, -45.03
4.51, 25.94, -45.55
3.57, 24.77, -47.16
3.84, 24.47, -48.23
5.15, 23.35, -48.58
6.27, 22.45, -49.36
7.02, 21.8, -49.23
7.57, 21.1, -50.18
7.94, 21.19, -50.03
8.12, 21.33, -49.69
7.87, 21.28, -49.81
7.23, 21.85, -50.67
5.9, 22.8, -51.56
4.41, 23.43, -52.25
3.59, 23.63, -52.99
3.72, 22.06, -53.04
4.55, 19.35, -53.56
5.05, 17.77, -54.05
5.19, 17.36, -55.16
5.41, 17.72, -55.36
5.48, 18.59, -56.45
5.41, 19.69, -56.99
5.26, 20.6, -58.48
4.98, 22.32, -59.54
4.61, 25.54, -60.42
4.7, 26.14, -60.35
4.3, 22.08, -60.04
3.89, 19.1, -59.82
3.48, 17.76, -59.66
3.16, 16.58, -58.9
2.89, 16.02, -58.36
2.63, 16.45, -58.9
2.27, 17.07, -58.75
2.08, 18.35, -59.54
1.98, 20.35, -60.88
2.68, 23.89, -61.57
3.99, 26.24, -61.6
3.34, 23.42, -62.69
2.97, 22.34, -63.48
4.06, 21.44, -63.39
5.47, 20.08, -62.36
6.65, 19.44, -60.41
7.45, 18.33, -58.92
7.98, 18.08, -58.68
8.41, 19.07, -57.61
8.46, 20.1, -56.87
7.86, 20.81, -56.08
6.32, 22.49, -56.01
4.91, 23.99, -56.59
4.54, 23.86, -56.48
4.79, 20.87, -56.52
4.69, 18.95, -56.38
4.55, 17.59, -56.67
4.48, 17.47, -56.47
4.23, 17.49, -56.53
3.93, 18.12, -57.38
3.69, 19.64, -57.66
3.46, 21.83, -58.62
3.94, 25.32, -58.85
4.7, 25.77, -58.74
3.65, 22.19, -59.15
2.79, 19.61, -59.3
2.28, 17.62, -59.31
1.66, 17.14, -58.97
1.07, 17.41, -58.99
0.63, 18.63, -58.97
0.36, 19.79, -59.15
0.92, 21.1, -59.88
2.58, 21.26, -59.28
3.51, 20.69, -58.95
3.71, 21.39, -59.18
3.64, 23.67, -59.92
4.07, 24.48, -59.24
4.31, 22.06, -57.86
3.68, 18.24, -57.82
2.81, 16.53, -57.05
2.34, 16.04, -57.08
2.57, 17.3, -57.11
2.87, 19.11, -57.07
2.55, 21.19, -58.68
1.71, 22.38, -59.67
2.83, 23.47, -59.54
4.14, 22.69, -59.13
2.99, 20.58, -59.57
2.02, 18.36, -59.45
1.41, 16.69, -59.01
1.06, 17.18, -58.68
0.88, 17.64, -58.1
0.66, 18.6, -57.68
0.39, 18.99, -56.98
0.2, 19.3, -57.1
0.62, 19.53, -57.53
1.72, 19.13, -57.44
3.47, 18.77, -56.5
5.03, 18.47, -55.94
6.27, 19.0, -55.74
7.1, 19.48, -55.27
7.43, 19.88, -54.61
7.03, 19.83, -54.56
5.95, 19.77, -54.42
4.73, 19.62, -53.87
3.35, 19.13, -54.18
2.17, 18.82, -54.3
1.36, 18.85, -55.9
0.75, 18.05, -55.79
0.45, 18.42, -56.25
0.23, 18.73, -56.4
0.19, 19.25, -56.63
0.38, 20.14, -57.61
1.06, 21.0, -57.55
2.84, 21.58, -57.63
4.66, 21.71, -57.07
5.81, 21.25, -56.13
5.78, 20.06, -55.63
4.98, 19.26, -56.29
4.18, 19.19, -55.95
3.53, 19.47, -56.0
2.75, 19.61, -55.54
1.83, 19.71, -55.46
1.11, 20.05, -55.74
0.74, 20.44, -56.46
0.71, 21.18, -57.06
1.42, 21.48, -56.95
2.86, 21.42, -56.52
4.49, 21.1, -56.21
5.71, 20.55, -55.96
5.92, 20.46, -55.79
5.85, 20.6, -55.46
5.31, 21.71, -55.48
4.54, 22.79, -55.1
3.58, 23.47, -55.67
3.3, 22.9, -55.53
3.65, 20.58, -55.59
4.11, 18.31, -55.56
4.38, 17.11, -55.51
4.56, 16.86, -55.41
4.75, 18.53, -55.95
4.87, 20.54, -56.2
4.4, 20.53, -57.34
3.66, 20.3, -58.73
3.1, 21.04, -60.25
3.25, 23.44, -60.27
4.38, 24.85, -60.27
5.22, 23.55, -59.07
4.24, 20.08, -59.78
2.85, 18.21, -59.68
1.89, 16.98, -59.29
1.76, 17.23, -58.65
2.03, 17.96, -59.03
2.14, 19.26, -58.87
1.67, 20.71, -58.49
1.13, 21.83, -58.38
1.48, 21.99, -58.22
2.63, 20.53, -57.59
3.08, 15.01, -56.9
3.7, 6.78, -56.44
3.91, 0.29, -55.3
4.1, -4.19, -53.43
4.38, -8.52, -51.66
4.59, -8.4, -49.81
4.84, -6.29, -48.11
4.81, -3.71, -47.19
3.53, -0.69, -46.31
3.57, 2.5, -45.76
4.42, 5.71, -45.68
3.54, 6.52, -45.45
3.95, 6.04, -45.23
3.99, 2.95, -44.63
4.17, 0.23, -43.88
4.49, -3.88, -43.16
4.67, -7.08, -42.5
5.04, -7.85, -42.41
5.45, -5.77, -41.47
5.54, -2.41, -40.93
4.5, 1.64, -40.8
4.03, 5.57, -41.0
4.62, 8.18, -41.67
3.83, 9.08, -42.5
4.13, 8.76, -43.3
3.88, 6.24, -43.29
4.62, 3.68, -43.45
4.36, 3.72, -43.94
4.35, 3.48, -43.44
4.39, 2.58, -42.9
4.43, 0.96, -42.74
4.04, 0.94, -42.26
3.37, 2.69, -42.37
3.26, 6.12, -42.34
4.17, 8.82, -41.81
3.75, 9.26, -42.01
4.19, 9.31, -42.3
4.53, 10.37, -43.08
4.82, 16.39, -44.16
4.05, 24.12, -46.15
4.37, 32.46, -47.61
4.45, 36.41, -50.29
4.55, 38.12, -52.37
4.36, 36.5, -54.98
4.49, 30.74, -56.42
4.15, 26.03, -57.36
3.77, 23.15, -57.37
3.33, 20.66, -57.68
2.84, 18.14, -57.61
2.58, 16.97, -57.19
3.19, 18.28, -56.97
4.18, 22.26, -56.71
4.72, 24.99, -57.06
3.41, 25.25, -57.91
3.71, 26.88, -58.46
5.19, 26.8, -59.54
5.34, 25.88, -61.34
4.96, 25.2, -61.43
4.56, 25.39, -61.73
4.11, 26.42, -61.7
4.63, 29.06, -61.24
5.77, 30.02, -60.92
5.34, 27.46, -60.73
3.73, 23.85, -61.11
2.64, 21.66, -61.09
1.69, 20.69, -61.83
0.99, 21.49, -61.71
0.49, 22.39, -61.96
0.27, 24.44, -62.3
0.57, 26.44, -62.3
2.02, 25.87, -62.2
2.77, 24.47, -62.09
3.01, 25.14, -62.12
3.21, 27.07, -61.55
4.03, 28.7, -60.89
4.47, 27.11, -60.68
3.38, 22.49, -60.62
2.32, 19.14, -60.15
1.65, 18.56, -60.75
1.04, 18.57, -61.54
0.69, 20.2, -61.56
0.25, 22.16, -62.25
0.04, 24.02, -62.54
1.07, 25.74, -63.08
2.95, 25.7, -62.0
3.45, 25.68, -62.51
3.34, 27.05, -62.61
3.54, 27.63, -63.05
3.93, 25.06, -62.51
3.45, 20.83, -61.93
2.97, 18.64, -62.48
2.53, 17.65, -61.76
2.33, 17.01, -61.9
2.67, 19.68, -62.57
2.86, 22.15, -63.12
2.1, 23.22, -63.24
2.03, 25.67, -64.7
3.63, 27.0, -64.51
4.54, 26.27, -64.01
2.7, 24.63, -64.17
2.77, 22.76, -63.7
3.49, 21.23, -63.18
4.02, 19.53, -62.63
4.32, 19.22, -62.26
4.58, 19.64, -61.5
4.83, 20.76, -61.51
4.69, 21.33, -61.39
3.88, 21.23, -61.6
3.24, 21.65, -63.79
2.76, 23.1, -65.27
3.54, 26.29, -64.99
4.98, 27.82, -64.06
4.44, 24.72, -64.17
3.21, 22.04, -64.41
3.42, 19.94, -63.68
3.52, 19.2, -63.45
3.35, 17.91, -62.45
3.18, 18.71, -61.24
2.93, 19.8, -61.11
3.22, 20.58, -60.93
4.16, 21.2, -60.44
4.58, 21.69, -61.26
4.37, 23.31, -61.64
4.21, 26.27, -61.99
4.62, 28.14, -61.56
4.25, 25.27, -61.37
3.68, 23.19, -61.48
3.78, 21.77, -61.15
4.21, 21.09, -60.53
4.81, 20.93, -59.48
5.78, 21.74, -58.59
6.84, 21.86, -57.23
7.57, 23.19, -56.37
7.36, 23.42, -56.44
5.94, 25.09, -58.23
5.21, 27.25, -57.95
4.96, 26.0, -58.48
4.36, 22.66, -58.05
3.62, 21.59, -58.68
2.83, 21.04, -59.51
2.08, 21.05, -60.72
1.65, 23.16, -61.18
1.18, 24.93, -62.02
2.03, 27.47, -62.05
3.89, 27.74, -61.56
3.71, 27.42, -61.97
3.44, 27.35, -61.82
3.76, 24.91, -61.83
3.83, 21.36, -61.16
3.34, 18.75, -61.11
4.09, 20.12, -60.81
5.18, 23.96, -60.3
6.04, 27.91, -59.75
5.27, 27.97, -60.74
4.65, 28.0, -62.86
5.69, 27.38, -62.59
5.77, 26.01, -61.81
5.16, 25.24, -62.54
4.53, 25.4, -62.49
4.52, 26.27, -61.9
5.27, 27.54, -60.83
6.02, 27.61, -59.59
5.47, 24.52, -58.56
3.65, 22.33, -59.5
2.29, 21.36, -59.77
1.84, 22.62, -59.39
1.7, 24.75, -59.42
1.53, 27.2, -59.43
1.83, 28.44, -59.69
2.4, 25.83, -59.28
2.54, 25.46, -59.75
2.88, 25.83, -60.09
3.7, 26.9, -59.7
5.12, 27.71, -58.56
6.13, 27.0, -57.87
5.28, 24.74, -57.53
3.43, 23.1, -57.87
2.41, 23.34, -57.78
2.24, 24.89, -57.23
2.4, 26.73, -56.99
2.89, 26.78, -56.61
3.01, 23.84, -56.32
2.49, 22.73, -56.82
1.82, 22.59, -57.79
1.21, 23.5, -58.39
0.73, 25.17, -59.89
0.91, 27.54, -61.17
2.31, 28.39, -61.25
2.99, 27.35, -61.5
3.29, 28.5, -61.64
3.78, 27.74, -61.29
4.15, 23.62, -61.32
3.66, 19.68, -61.9
4.18, 19.01, -61.35
5.43, 21.12, -60.65
6.6, 23.61, -59.65
7.41, 25.71, -58.91
6.8, 27.16, -59.6
5.91, 29.4, -59.78
5.64, 29.25, -59.68
4.69, 25.64, -59.59
3.8, 23.33, -60.22
2.77, 22.63, -60.53
1.88, 22.55, -60.94
1.19, 24.02, -61.47
0.81, 26.13, -61.96
1.08, 27.62, -62.32
2.16, 26.51, -62.06
2.58, 25.21, -63.6
2.67, 26.26, -64.36
3.19, 27.66, -63.95
4.67, 28.58, -62.84
5.65, 27.06, -61.57
4.23, 24.06, -61.25
2.63, 22.67, -61.31
2.12, 23.17, -60.66
2.09, 24.62, -60.57
2.41, 26.61, -59.96
2.89, 27.95, -59.38
3.25, 25.5, -58.42
2.5, 23.47, -59.16
1.74, 23.04, -59.86
1.0, 23.07, -60.05
0.46, 24.94, -61.52
0.18, 26.85, -62.27
0.96, 28.46, -62.3
2.71, 27.48, -62.1
2.9, 27.14, -62.36
3.28, 28.47, -62.32
3.85, 28.48, -62.05
4.21, 25.01, -61.05
3.36, 21.8, -61.76
2.72, 19.82, -61.78
3.74, 21.16, -61.04
5.32, 24.42, -60.34
5.76, 25.92, -59.65
4.01, 26.36, -60.17
3.67, 26.37, -60.77
4.37, 24.52, -60.67
4.32, 23.33, -60.73
3.86, 23.33, -60.91
3.52, 24.21, -61.23
3.89, 26.01, -60.97
5.02, 27.13, -59.99
5.69, 25.34, -59.07
4.21, 21.94, -59.39
2.64, 20.53, -59.37
1.78, 20.52, -59.11
1.68, 21.69, -59.82
1.66, 23.7, -59.55
1.8, 26.35, -59.59
2.32, 26.16, -59.19
2.58, 23.32, -58.9
2.51, 22.95, -59.01
2.24, 23.14, -59.34
2.35, 24.61, -59.58
3.27, 26.02, -58.9
5.01, 26.47, -58.06
5.46, 25.07, -57.49
4.07, 23.81, -57.62
2.83, 23.06, -58.1
2.44, 23.98, -58.26
2.4, 25.4, -57.75
2.9, 25.01, -56.81
2.93, 22.08, -56.78
2.3, 20.29, -57.85
1.53, 19.95, -58.62
0.83, 20.77, -59.35
0.25, 22.66, -60.15
0.27, 24.31, -61.28
1.72, 25.27, -61.46
3.12, 24.5, -61.31
3.18, 25.02, -61.41
3.6, 25.91, -60.85
4.17, 24.98, -60.0
4.1, 20.68, -59.79
3.14, 17.75, -59.5
3.18, 17.16, -59.09
4.57, 19.23, -58.61
5.82, 21.63, -57.72
5.52, 22.54, -57.65
4.14, 23.97, -59.17
4.18, 23.28, -59.21
4.14, 20.83, -59.1
3.84, 19.74, -59.61
3.14, 19.03, -60.14
2.49, 19.83, -60.16
1.93, 21.58, -60.55
2.42, 22.0, -60.13
4.47, 21.79, -59.19
5.16, 21.08, -59.11
4.55, 20.87, -59.26
4.29, 21.97, -58.45
4.87, 22.69, -57.67
5.51, 21.54, -56.51
5.16, 18.62, -55.58
4.1, 17.26, -55.2
3.76, 17.86, -54.89
3.67, 19.77, -54.5
3.3, 21.97, -54.59
3.43, 24.05, -54.45
3.54, 21.88, -54.27
2.65, 19.74, -54.61
1.88, 18.33, -54.43
1.51, 18.71, -54.85
1.41, 19.75, -55.36
1.86, 19.98, -55.39
2.73, 19.5, -55.08
2.61, 18.29, -55.63
1.97, 18.07, -56.46
1.15, 19.62, -57.39
1.8, 19.22, -57.58
2.46, 13.8, -57.31
3.98, 4.95, -55.93
4.69, -1.77, -54.59
5.16, -7.94, -52.85
5.11, -8.25, -51.01
4.59, -5.43, -49.36
4.21, -1.68, -47.99
3.35, 3.65, -47.6
3.12, 9.29, -47.55
3.23, 12.65, -48.27
3.58, 13.4, -48.62
3.7, 13.55, -48.25
3.54, 9.93, -48.15
4.03, 8.74, -48.53
5.25, 7.17, -47.46
6.44, 5.66, -46.87
7.27, 5.31, -45.84
7.52, 5.82, -44.6
7.11, 7.83, -43.61
6.02, 11.36, -43.06
5.74, 12.73, -42.6
4.64, 11.72, -42.93
4.91, 12.52, -43.51
5.98, 12.69, -43.45
4.96, 11.63, -43.46
4.0, 10.44, -43.19
4.12, 8.38, -43.23
4.37, 6.82, -43.13
3.99, 7.14, -43.95
3.24, 8.24, -44.43
2.41, 10.4, -45.23
2.68, 13.07, -46.46
4.07, 14.69, -46.89
3.48, 15.03, -47.3
3.65, 12.8, -47.57
3.68, 11.7, -47.76
4.49, 11.32, -47.28
5.56, 9.86, -46.52
5.92, 8.61, -46.07
5.58, 8.97, -45.78
4.73, 10.5, -45.19
4.38, 12.17, -44.78
4.48, 11.89, -44.75
3.71, 10.98, -44.73
2.84, 11.3, -45.36
3.52, 11.78, -45.38
4.36, 12.17, -45.94
4.29, 13.65, -46.12
4.65, 15.95, -46.41
5.08, 15.5, -46.23
3.71, 14.31, -47.17
4.21, 12.42, -47.52
4.48, 10.72, -47.24
4.0, 10.47, -47.54
3.13, 11.33, -48.32
2.75, 12.65, -48.62
3.76, 13.4, -48.61
4.3, 13.99, -48.39
4.35, 16.42, -48.48
4.95, 16.74, -48.58
3.94, 14.07, -48.82
2.99, 12.36, -48.95
3.15, 11.21, -49.28
3.55, 9.78, -48.9
3.9, 9.7, -48.74
4.01, 10.17, -49.17
3.52, 11.61, -49.73
2.57, 13.25, -50.72
3.08, 16.01, -51.17
4.4, 16.99, -51.35
3.61, 17.14, -52.04
3.48, 15.63, -51.63
3.89, 12.68, -50.92
3.95, 11.73, -51.2
3.71, 11.67, -51.07
3.62, 12.66, -50.48
4.42, 13.67, -49.68
5.42, 13.41, -48.67
4.74, 12.42, -48.32
3.13, 11.63, -48.18
2.74, 11.55, -48.22
3.64, 10.89, -48.03
4.5, 11.32, -49.34
4.66, 12.54, -49.12
4.5, 15.27, -49.56
4.78, 15.42, -49.22
4.18, 12.98, -48.8
3.25, 11.99, -48.9
3.55, 12.22, -49.29
4.66, 11.81, -48.9
6.06, 12.06, -48.49
6.3, 12.15, -47.99
5.22, 13.62, -48.37
4.7, 14.45, -47.92
4.61, 12.24, -47.35
4.06, 10.49, -47.35
3.16, 10.5, -48.08
2.65, 11.36, -48.05
3.32, 12.76, -48.25
5.01, 13.72, -47.72
4.35, 14.1, -48.53
3.37, 13.53, -48.72
3.75, 11.18, -48.29
4.17, 9.92, -48.79
4.2, 10.6, -48.98
4.02, 12.58, -48.7
4.5, 14.15, -48.21
5.04, 13.59, -47.74
3.8, 11.39, -47.44
2.8, 10.63, -47.34
2.97, 10.4, -47.35
4.15, 9.85, -47.08
5.3, 10.07, -46.66
5.4, 11.24, -46.41
4.84, 13.74, -46.06
4.88, 15.42, -46.05
4.58, 13.36, -45.77
3.55, 11.76, -46.22
3.5, 10.97, -47.0
4.03, 10.52, -47.37
5.33, 11.3, -47.34
6.34, 11.6, -46.86
6.14, 12.3, -47.0
5.21, 14.23, -46.69
4.94, 13.3, -46.88
4.33, 10.83, -46.5
3.73, 10.38, -46.12
3.24, 10.03, -46.07
3.06, 10.3, -46.27
3.28, 11.15, -46.52
4.29, 11.57, -46.43
4.8, 12.84, -46.25
4.7, 15.81, -46.68
4.69, 15.78, -47.06
4.2, 13.32, -47.56
5.62, 11.22, -47.3
6.72, 9.52, -46.58
7.05, 8.25, -45.93
6.4, 9.13, -45.15
5.73, 13.91, -45.35
5.38, 17.85, -46.19
5.09, 19.45, -47.07
4.56, 17.35, -48.02
5.37, 15.05, -48.78
5.35, 12.01, -48.54
5.31, 10.1, -48.1
5.58, 8.18, -47.63
5.39, 8.66, -47.16
5.19, 13.19, -47.22
5.27, 17.45, -47.8
4.71, 17.96, -48.21
4.33, 16.13, -49.46
5.23, 12.92, -50.25
4.36, 9.78, -50.4
4.13, 8.55, -49.78
4.52, 6.06, -48.68
4.63, 6.38, -47.92
4.63, 10.93, -47.37
4.79, 16.06, -47.4
4.31, 17.27, -47.53
3.99, 15.92, -47.65
4.75, 14.18, -47.85
5.52, 11.25, -47.37
5.65, 9.17, -46.58
5.49, 6.62, -46.2
5.33, 8.77, -46.38
5.13, 15.57, -46.83
5.14, 19.15, -46.55
5.22, 19.51, -46.92
4.21, 15.18, -47.86
5.49, 11.7, -47.49
5.89, 7.51, -46.97
5.55, 5.94, -47.04
4.95, 11.09, -47.56
4.32, 14.31, -47.57
4.81, 17.55, -48.12
4.83, 17.66, -48.45
4.0, 14.09, -48.64
4.54, 8.98, -47.96
4.77, 4.82, -47.86
4.89, 7.24, -47.73
4.07, 10.92, -46.99
3.34, 14.74, -47.37
4.34, 18.49, -47.64
4.18, 18.42, -48.16
4.04, 16.11, -48.05
4.12, 10.93, -47.51
3.9, 7.56, -47.98
3.42, 5.85, -47.5
2.67, 4.7, -46.61
1.9, 5.18, -46.15
1.24, 6.73, -46.24
0.91, 9.3, -46.39
1.61, 11.2, -47.06
2.44, 13.25, -48.03
3.1, 17.23, -48.9
3.75, 17.56, -49.07
2.93, 16.02, -50.12
4.29, 15.15, -49.82
4.82, 13.62, -49.8
3.82, 10.62, -49.56
4.04, 8.59, -48.82
4.55, 8.77, -48.37
5.27, 10.48, -47.6
5.92, 12.86, -46.75
4.92, 13.79, -46.49
3.64, 14.85, -46.78
4.25, 14.49, -47.41
4.39, 14.97, -47.47
4.34, 16.76, -47.63
4.52, 15.56, -47.48
3.79, 12.6, -47.6
3.02, 11.91, -48.52
2.71, 11.98, -48.54
3.3, 12.72, -48.83
4.73, 13.42, -48.49
5.67, 14.13, -48.53
4.68, 15.1, -48.27
4.08, 15.04, -48.87
4.21, 12.98, -48.87
4.22, 12.75, -49.06
4.14, 14.82, -48.82
4.8, 16.27, -48.53
4.84, 14.3, -48.13
3.57, 12.6, -48.42
3.28, 12.43, -48.79
4.37, 12.85, -48.91
5.84, 13.62, -48.08
5.79, 13.94, -47.98
4.07, 13.83, -48.64
3.86, 13.35, -48.19
4.91, 12.52, -48.76
5.11, 12.79, -48.72
4.42, 14.93, -48.85
4.02, 15.1, -48.5
4.14, 13.09, -48.63
4.16, 13.22, -48.58
4.28, 15.09, -48.81
4.78, 15.67, -48.25
4.49, 13.17, -48.17
3.5, 12.19, -48.06
3.25, 12.84, -48.21
4.34, 14.36, -48.08
5.63, 15.49, -47.34
4.72, 15.25, -47.38
3.82, 14.31, -47.58
5.02, 13.62, -47.7
5.52, 13.71, -48.69
5.49, 15.78, -48.71
5.26, 23.09, -48.77
5.34, 30.65, -50.1
5.51, 37.69, -51.65
5.53, 44.36, -53.75
5.19, 46.71, -56.6
4.67, 43.76, -59.03
5.33, 42.65, -60.05
4.32, 35.09, -61.42
3.63, 29.88, -62.1
3.29, 26.37, -62.04
3.21, 23.67, -61.69
3.15, 21.59, -60.39
3.1, 20.25, -59.26
2.88, 18.94, -58.99
2.54, 19.73, -58.79
2.33, 22.46, -59.41
1.81, 24.81, -60.42
1.89, 29.13, -61.95
3.49, 34.25, -62.7
3.19, 33.32, -63.83
4.35, 32.25, -64.25
4.13, 29.98, -64.59
3.59, 28.73, -64.91
3.63, 26.39, -64.55
4.05, 23.02, -63.52
4.59, 20.7, -62.28
5.3, 21.12, -61.59
6.26, 23.28, -60.7
6.95, 25.22, -59.28
6.12, 26.05, -58.85
4.11, 26.76, -59.43
3.7, 28.0, -59.82
4.26, 26.29, -59.76
4.2, 26.03, -59.78
4.24, 28.55, -59.87
5.01, 29.95, -59.73
4.84, 27.63, -59.59
3.25, 24.15, -59.56
2.34, 21.58, -59.58
2.22, 22.36, -59.75
2.06, 23.9, -59.6
2.32, 25.19, -59.5
2.93, 24.93, -58.86
2.78, 24.32, -59.71
2.63, 25.81, -61.08
3.59, 28.24, -60.88
5.06, 29.25, -60.6
4.62, 28.02, -60.69
4.0, 27.78, -61.37
4.18, 25.59, -60.91
4.11, 21.48, -60.77
3.55, 20.05, -60.53
3.5, 20.27, -60.57
3.72, 22.56, -60.73
3.42, 24.46, -61.54
2.89, 25.71, -62.83
3.01, 23.42, -62.88
3.71, 19.14, -63.32
3.75, 12.86, -62.82
4.11, 5.99, -61.39
4.1, 0.59, -59.58
4.16, -4.66, -57.5
4.46, -8.47, -55.11
4.76, -9.87, -52.97
5.13, -9.09, -51.31
5.35, -7.45, -49.6
4.35, -4.4, -48.32
4.68, -1.07, -47.38
3.96, 0.11, -46.67
4.6, 1.04, -45.78
4.16, -0.69, -45.06
4.62, -1.42, -44.42
4.61, -5.27, -43.69
4.79, -6.47, -43.14
4.57, -8.79, -42.08
4.4, -11.43, -41.06
4.24, -10.49, -40.29
4.41, -8.46, -39.54
4.72, -7.41, -38.66
4.28, -6.11, -38.31
4.74, -5.92, -38.07
3.92, -6.85, -37.75
4.85, -5.63, -37.53
3.95, -6.09, -37.13
4.96, -5.67, -37.33
3.92, -6.77, -36.62
4.7, -8.12, -36.6
4.34, -8.14, -36.47
4.4, -9.87, -36.23
4.62, -8.6, -35.79
4.33, -8.61, -35.53
4.87, -8.18, -35.65
4.45, -8.12, -35.1
4.49, -8.08, -35.0
4.47, -7.69, -35.15
4.22, -9.36, -35.05
5.14, -8.48, -34.85
4.01, -8.7, -34.6
4.44, -8.87, -34.83
4.17, -8.31, -34.8
4.1, -9.62, -34.39
4.4, -8.09, -34.45
4.4, -8.08, -34.21
4.38, -8.0, -34.27
4.77, -8.54, -34.05
4.15, -9.26, -33.95
4.78, -9.22, -33.87
4.19, -9.3, -33.55
4.3, -9.79, -33.43
4.82, -9.42, -33.29
4.04, -9.81, -33.07
5.11, -9.42, -33.28
4.03, -9.23, -33.09
4.62, -10.69, -33.39
4.48, -8.94, -33.28
4.04, -10.32, -33.2
4.81, -8.94, -33.46
4.09, -9.14, -33.03
4.5, -9.2, -32.82
4.27, -8.78, -32.58
4.23, -10.54, -32.55
4.54, -9.12, -32.79
4.31, -10.66, -32.61
4.55, -9.66, -33.22
4.53, -9.27, -32.96
4.29, -10.48, -32.69
4.58, -9.97, -33.04
4.34, -10.45, -33.11
4.3, -10.06, -33.13
4.77, -9.76, -33.25
4.38, -9.79, -33.12
5.11, -9.02, -33.22
4.11, -9.28, -33.2
5.18, -9.45, -33.16
4.41, -9.25, -33.14
5.13, -8.81, -33.22
4.47, -8.08, -33.0
4.4, -9.77, -32.73
4.49, -8.93, -32.9
4.24, -9.69, -33.37
4.38, -8.48, -33.49
4.66, -8.12, -33.79
4.57, -7.42, -33.96
4.51, -3.27, -34.75
4.14, 1.97, -35.02
3.29, 7.35, -35.87
3.97, 13.2, -37.35
3.36, 16.3, -38.73
3.85, 16.83, -39.62
3.63, 16.79, -40.34
3.87, 14.21, -41.42
4.28, 13.31, -42.17
4.87, 11.35, -42.19
5.16, 9.49, -42.05
4.87, 8.47, -42.56
4.34, 9.54, -42.72
3.44, 11.3, -42.99
2.41, 13.62, -44.14
2.7, 14.55, -44.43
3.53, 15.46, -44.3
3.72, 18.54, -44.93
4.12, 20.59, -45.14
3.35, 18.1, -45.67
4.32, 17.67, -45.99
5.54, 16.57, -46.22
4.87, 15.26, -46.39
3.9, 14.7, -46.65
3.7, 14.19, -46.4
3.91, 12.76, -46.68
3.85, 11.57, -46.4
3.05, 11.97, -46.45
2.05, 13.46, -47.08
1.59, 15.61, -48.31
2.75, 17.53, -48.75
3.59, 18.96, -49.1
3.16, 19.97, -49.4
3.47, 17.48, -49.43
3.69, 15.84, -49.35
3.85, 16.11, -49.68
4.62, 16.49, -49.53
5.54, 15.94, -49.91
5.76, 14.43, -49.31
4.74, 13.46, -49.16
3.34, 13.23, -49.03
2.19, 15.08, -49.29
1.77, 17.09, -49.24
2.34, 16.5, -49.41
2.76, 16.09, -50.2
2.95, 17.44, -50.81
3.63, 19.79, -50.5
4.63, 20.54, -50.09
3.64, 18.0, -50.55
2.77, 16.65, -50.79
3.08, 15.12, -50.62
4.07, 13.62, -50.95
4.56, 12.42, -50.85
4.47, 12.0, -51.01
4.18, 13.29, -51.59
3.68, 14.5, -52.25
3.21, 16.88, -52.87
4.89, 21.74, -53.26
3.54, 20.01, -53.87
4.02, 18.21, -53.72
5.36, 15.88, -52.98
5.78, 13.61, -52.83
5.58, 12.31, -52.22
5.3, 12.25, -51.61
4.85, 12.62, -51.47
4.29, 13.98, -51.37
3.82, 17.37, -51.72
4.59, 20.44, -52.3
5.16, 20.77, -51.96
3.68, 19.44, -52.2
4.86, 17.31, -51.64
5.69, 15.25, -51.52
5.62, 14.54, -50.92
5.15, 14.24, -50.28
4.54, 15.32, -49.83
4.54, 16.92, -49.48
5.4, 17.66, -49.54
5.88, 16.46, -48.95
4.26, 15.2, -49.16
2.77, 14.37, -49.2
1.94, 14.45, -50.28
1.68, 15.8, -50.43
2.84, 15.44, -51.38
2.69, 15.53, -51.52
2.44, 16.52, -52.35
2.98, 18.57, -52.67
4.55, 19.06, -52.66
4.08, 17.32, -53.5
3.08, 15.2, -54.04
3.24, 12.75, -53.85
3.3, 11.83, -53.12
3.54, 13.81, -52.6
4.14, 17.43, -52.28
4.56, 18.63, -52.04
3.47, 16.83, -52.28
4.1, 16.61, -52.36
5.72, 15.89, -51.51
6.33, 14.86, -50.77
6.16, 15.74, -50.37
5.6, 16.65, -49.95
5.05, 18.03, -49.35
5.08, 16.98, -48.44
4.43, 13.66, -48.28
3.41, 12.09, -48.15
2.74, 12.59, -48.55
3.73, 15.44, -49.07
3.95, 18.13, -48.92
3.38, 20.18, -49.25
3.44, 18.32, -50.17
3.93, 18.55, -50.28
5.01, 17.6, -49.72
5.39, 15.39, -49.13
4.85, 13.93, -49.0
4.92, 13.62, -48.36
5.15, 14.3, -47.77
5.06, 15.65, -47.86
4.78, 18.01, -47.71
5.1, 18.63, -47.15
4.16, 16.08, -46.97
3.55, 14.72, -47.59
3.66, 13.78, -47.35
3.86, 12.8, -47.29
4.07, 12.77, -48.1
4.12, 13.62, -48.79
4.19, 14.86, -49.4
3.43, 15.59, -49.84
2.81, 17.59, -51.21
3.95, 18.99, -51.39
4.44, 18.4, -51.62
3.92, 16.03, -51.97
4.16, 12.3, -52.63
3.99, 8.81, -52.64
4.49, 9.33, -52.74
4.99, 13.1, -51.98
5.67, 16.17, -51.94
4.93, 15.21, -52.22
4.74, 12.18, -51.99
4.99, 6.97, -52.05
4.77, 3.06, -50.99
4.41, 0.92, -49.93
3.96, -0.76, -48.65
3.44, -1.07, -47.19
2.1, 1.62, -45.36
3.3, 4.36, -44.96
3.11, 5.96, -44.49
3.57, 4.36, -44.25
3.66, 1.04, -44.03
3.56, -1.87, -43.65
3.37, -2.93, -42.98
3.49, -3.64, -42.17
4.27, -4.46, -41.88
5.66, -2.99, -41.39
5.42, -0.48, -40.62
4.42, -0.99, -39.76
4.69, -0.75, -39.79
4.65, -3.25, -39.16
4.21, -4.74, -38.44
4.36, -5.59, -38.17
5.3, -5.97, -37.68
5.93, -5.2, -37.65
4.93, -4.07, -37.04
4.25, -4.93, -36.7
4.51, -5.33, -36.58
4.75, -4.85, -36.48
5.29, -5.42, -36.14
4.25, -6.15, -35.58
3.54, -7.21, -35.25
4.79, -7.63, -35.56
5.26, -5.29, -36.26
5.04, -2.91, -36.02
4.61, -4.38, -35.63
5.02, -4.79, -35.72
4.97, -6.68, -35.52
3.87, -8.01, -35.65
3.37, -9.16, -35.39
4.08, -9.72, -35.4
5.22, -9.12, -35.49
5.76, -6.08, -35.59
5.56, -2.93, -35.25
5.04, -3.42, -35.54
5.46, -4.02, -35.62
4.47, -6.46, -35.3
4.51, -9.53, -35.24
5.78, -11.18, -35.58
6.33, -11.07, -35.36
6.42, -9.09, -35.22
6.07, -5.19, -34.81
5.5, -3.64, -34.28
5.29, -3.69, -34.71
4.94, -5.89, -34.44
4.99, -7.82, -34.5
6.04, -8.91, -34.45
6.16, -7.84, -34.17
4.89, -6.34, -33.81
4.15, -6.82, -33.56
4.74, -5.06, -33.5
4.43, -4.81, -33.36
4.36, -5.35, -33.44
4.73, -5.87, -33.56
4.43, -7.79, -33.91
3.75, -8.45, -33.88
3.89, -7.96, -33.79
4.89, -7.18, -33.84
4.15, -6.37, -33.66
4.15, -6.78, -33.92
4.6, -6.1, -34.45
4.1, -7.88, -34.67
4.86, -7.78, -34.45
4.09, -8.07, -34.26
3.83, -10.81, -34.2
4.27, -10.46, -34.59
4.52, -7.58, -34.92
4.56, -5.22, -35.05
4.31, -5.03, -34.9
4.03, -3.22, -35.02
4.65, -1.8, -35.37
4.43, -1.63, -35.22
3.84, -1.93, -35.62
5.01, -1.18, -35.9
4.39, -1.31, -36.11
3.46, -2.47, -36.52
4.7, -3.15, -36.45
4.79, -2.08, -36.43
4.37, -2.44, -36.22
4.3, -4.72, -36.26
4.42, -4.54, -36.39
4.7, -5.16, -36.26
4.53, -7.34, -35.99
3.91, -7.28, -35.74
4.24, -7.01, -35.44
5.1, -6.75, -35.91
4.27, -6.23, -35.36
3.24, -7.07, -34.99
4.38, -6.52, -35.34
4.77, -4.07, -35.48
4.03, -3.11, -35.83
4.21, -3.97, -36.09
4.42, -1.92, -36.25
4.4, -1.67, -36.37
4.12, -2.02, -36.47
4.24, -1.13, -36.76
4.73, -1.61, -36.79
3.82, -2.42, -36.76
3.95, -2.51, -36.68
5.18, -2.26, -36.63
4.36, -2.54, -36.24
3.87, -4.05, -36.06
4.73, -4.28, -36.04
4.85, -2.0, -35.85
4.75, -1.45, -35.78
4.15, -2.1, -35.82
4.43, -1.41, -35.93
4.97, -1.09, -36.3
3.99, -1.32, -36.87
4.92, -1.56, -36.79
5.07, -1.16, -36.56
3.7, -2.46, -36.58
4.59, -3.64, -36.9
5.33, -3.47, -37.51
5.72, -2.66, -37.64
5.73, -0.25, -37.42
5.49, 3.4, -37.7
5.14, 9.29, -38.25
5.24, 14.15, -38.59
4.6, 14.54, -39.11
4.69, 15.37, -39.51
4.83, 13.71, -40.61
3.54, 11.55, -41.84
3.63, 9.38, -41.75
4.84, 6.76, -42.03
6.0, 5.63, -42.32
6.58, 5.86, -42.37
6.53, 6.9, -42.05
5.75, 9.25, -42.18
4.66, 10.91, -42.2
4.29, 10.2, -42.22
4.64, 8.99, -43.18
4.64, 10.44, -43.31
4.43, 12.87, -43.34
4.31, 13.74, -43.34
4.18, 11.17, -44.0
4.14, 10.64, -43.94
4.16, 11.94, -43.93
4.51, 12.86, -43.57
4.62, 11.4, -43.5
4.12, 9.12, -43.21
3.54, 8.62, -43.42
3.47, 9.8, -43.48
3.98, 11.27, -43.27
4.95, 11.94, -43.77
4.37, 10.88, -43.82
3.19, 10.58, -45.01
3.09, 10.76, -45.33
4.47, 11.13, -45.0
5.52, 11.67, -45.06
4.96, 12.28, -45.14
3.64, 12.58, -45.27
3.49, 10.94, -45.37
3.85, 8.96, -45.02
3.8, 8.35, -45.26
3.73, 9.46, -45.31
3.84, 12.13, -45.3
4.57, 14.13, -44.95
4.67, 13.19, -45.07
3.58, 12.4, -45.4
4.1, 12.74, -45.62
5.44, 12.85, -44.86
5.26, 13.17, -44.62
3.54, 12.65, -44.96
3.57, 11.79, -45.4
4.67, 11.47, -45.2
5.03, 12.34, -45.19
4.45, 14.2, -45.47
4.03, 14.76, -45.48
4.05, 12.4, -45.29
4.17, 12.6, -45.31
4.19, 14.45, -45.74
4.5, 14.65, -45.55
4.27, 11.88, -45.28
3.41, 10.19, -45.49
2.92, 10.5, -45.38
3.46, 11.57, -45.91
4.93, 12.62, -45.77
5.51, 13.51, -45.38
4.09, 13.55, -45.68
3.66, 13.16, -45.66
4.81, 12.08, -45.49
5.25, 12.22, -45.25
4.63, 14.1, -45.8
4.07, 14.55, -46.55
4.17, 12.4, -46.35
4.28, 13.0, -46.21
4.4, 14.24, -46.07
4.45, 12.23, -46.49
3.95, 10.46, -46.88
3.39, 10.64, -46.93
3.83, 12.39, -46.86
4.91, 13.48, -46.38
4.83, 12.71, -45.93
3.43, 11.54, -46.2
3.39, 11.56, -47.31
4.8, 11.69, -46.94
5.86, 12.28, -46.65
5.06, 13.38, -47.15
3.95, 13.21, -47.36
4.22, 11.5, -47.2
4.77, 10.51, -47.32
4.76, 11.5, -47.53
4.45, 13.46, -47.21
4.34, 12.92, -46.93
4.19, 10.93, -46.87
3.92, 9.81, -46.7
3.8, 11.21, -46.5
4.3, 12.82, -46.51
5.0, 12.93, -46.48
4.37, 11.31, -46.15
3.25, 10.92, -46.16
3.37, 11.24, -46.72
4.76, 11.71, -46.75
5.7, 12.25, -46.06
4.37, 13.03, -45.95
3.32, 12.97, -46.01
3.82, 11.63, -45.59
4.46, 11.12, -45.43
4.38, 13.14, -45.6
4.5, 14.91, -45.28
4.66, 14.77, -45.15
3.91, 12.5, -46.13
3.35, 11.84, -46.31
4.2, 12.37, -46.31
5.63, 12.76, -46.07
5.66, 13.01, -46.08
4.14, 13.6, -46.46
3.61, 12.85, -46.4
4.16, 11.44, -46.64
4.25, 11.61, -47.12
4.15, 13.96, -47.26
4.58, 15.3, -46.75
4.57, 13.89, -46.6
3.56, 12.65, -47.39
3.75, 12.95, -47.19
5.15, 13.39, -47.08
5.77, 13.58, -47.14
4.54, 13.64, -47.58
3.9, 12.97, -47.28
4.23, 11.52, -47.18
4.1, 11.27, -47.33
3.99, 13.22, -47.22
4.97, 15.17, -47.53
5.31, 15.44, -47.5
3.75, 14.06, -48.71
4.28, 13.58, -48.33
5.39, 13.03, -48.91
5.0, 13.87, -49.24
4.25, 14.68, -48.75
4.08, 12.84, -48.57
4.03, 11.11, -48.06
3.83, 11.56, -47.77
3.83, 13.6, -47.65
4.63, 15.53, -47.0
4.57, 15.11, -46.67
3.46, 13.4, -47.27
3.8, 13.54, -47.21
5.32, 13.48, -46.73
5.31, 12.96, -46.34
3.69, 12.83, -46.1
2.86, 12.61, -46.08
3.7, 12.0, -45.85
4.6, 12.36, -46.44
4.54, 14.16, -46.72
4.29, 15.8, -46.86
4.21, 14.1, -46.92
3.82, 13.06, -47.26
3.79, 14.11, -47.5
4.69, 14.92, -47.07
4.95, 13.5, -47.14
3.54, 12.15, -48.85
2.62, 11.71, -48.82
3.28, 11.69, -49.19
5.02, 12.12, -48.97
5.4, 12.86, -48.39
4.56, 14.69, -48.15
4.08, 15.34, -48.1
4.01, 12.89, -47.84
3.74, 12.84, -48.15
3.94, 14.3, -47.91
5.02, 15.43, -47.61
6.0, 16.14, -47.04
5.39, 15.78, -47.16
3.57, 15.42, -47.27
3.18, 14.49, -48.24
3.87, 13.0, -48.64
3.97, 12.85, -48.84
3.82, 14.18, -49.5
4.07, 16.21, -49.04
5.18, 17.06, -49.39
4.39, 15.81, -49.82
3.17, 15.13, -49.95
3.51, 14.24, -49.83
4.15, 12.59, -49.51
4.21, 12.85, -49.39
4.16, 14.61, -49.37
4.79, 16.55, -49.14
5.07, 15.92, -49.11
3.67, 14.91, -49.52
2.95, 14.31, -49.36
3.87, 13.67, -49.16
4.53, 13.46, -48.96
4.42, 15.19, -49.04
4.49, 17.39, -48.48
4.78, 16.29, -48.67
3.91, 14.47, -48.52
5.02, 13.74, -48.47
5.62, 12.17, -48.13
4.36, 10.87, -48.19
3.33, 9.37, -47.46
3.31, 7.96, -47.39
3.85, 6.19, -46.78
3.92, 6.83, -46.87
3.77, 9.9, -47.33
4.46, 12.37, -47.19
4.81, 12.46, -47.18
3.52, 12.37, -47.16
4.52, 12.28, -47.21
5.51, 12.68, -46.98
4.65, 13.28, -46.7
4.22, 13.01, -46.38
4.05, 10.92, -46.05
3.58, 10.33, -46.18
3.45, 11.67, -46.51
4.36, 12.95, -46.15
5.22, 13.55, -45.71
3.96, 14.0, -45.75
3.77, 12.95, -45.55
3.96, 10.94, -45.63
3.75, 12.16, -45.83
4.03, 14.12, -46.12
5.18, 15.09, -46.0
4.49, 14.0, -45.99
3.4, 13.09, -46.2
4.12, 11.83, -46.24
4.7, 11.62, -46.32
4.6, 13.29, -46.73
4.7, 15.26, -46.76
4.89, 14.98, -47.43
3.84, 13.1, -47.75
3.76, 12.58, -47.57
5.18, 12.17, -47.38
5.59, 12.45, -47.08
4.95, 13.64, -47.2
4.74, 10.27, -46.57
4.84, 6.7, -45.98
3.66, 4.06, -45.53
2.64, 2.16, -45.46
2.54, 1.8, -44.96
3.02, 1.49, -44.76
3.65, 2.98, -44.87
3.52, 5.78, -45.37
3.55, 10.26, -45.71
4.73, 13.3, -45.29
3.8, 14.15, -45.32
4.27, 14.8, -45.9
4.11, 15.03, -46.54
3.92, 13.16, -46.35
4.07, 10.02, -46.99
3.93, 9.63, -46.74
4.34, 10.45, -46.39
5.24, 10.66, -45.94
5.54, 9.66, -45.64
3.93, 9.16, -46.48
3.16, 9.52, -46.58
3.98, 9.6, -46.13
4.76, 10.92, -46.03
4.51, 14.38, -46.18
3.9, 15.17, -46.27
3.78, 14.41, -46.21
4.19, 15.77, -46.29
5.24, 15.24, -46.25
5.79, 12.81, -45.97
4.12, 12.74, -47.05
4.37, 12.39, -46.49
5.68, 12.25, -45.43
4.61, 13.3, -46.27
3.42, 13.75, -47.32
4.0, 12.17, -45.73
4.17, 14.73, -47.66
3.89, 16.82, -47.98
4.33, 15.54, -46.31
3.42, 14.72, -47.7
4.43, 15.01, -48.07
4.96, 14.71, -46.71
3.29, 15.16, -48.65
3.36, 13.87, -47.51
3.98, 12.65, -47.58
4.11, 13.83, -48.3
4.76, 15.55, -47.75
4.9, 15.02, -47.94
3.73, 14.16, -47.7
4.09, 13.33, -47.55
5.35, 12.05, -46.69
4.96, 12.62, -46.7
4.83, 13.19, -46.53
4.79, 11.77, -46.33
3.92, 8.9, -45.95
3.53, 7.26, -45.47
4.85, 6.69, -45.34
5.77, 7.01, -44.9
5.4, 8.41, -44.64
5.09, 9.29, -44.05
4.96, 7.63, -43.83
4.44, 5.72, -43.17
4.41, 1.91, -43.36
5.0, -2.17, -42.82
4.01, -5.2, -42.13
3.43, -7.11, -41.66
3.53, -6.53, -40.74
3.74, -5.33, -39.66
4.09, -4.95, -38.89
3.4, -3.35, -38.53
2.73, -1.74, -38.3
3.96, 1.14, -38.41
3.91, 4.44, -38.16
3.69, 5.07, -37.98
3.97, 6.35, -38.7
4.07, 5.33, -38.56
3.62, 3.5, -38.39
4.15, 2.21, -38.44
4.63, 0.74, -38.41
4.29, -0.52, -38.28
3.19, -2.13, -37.91
4.69, -3.34, -38.2
5.77, -2.84, -38.0
5.31, -0.96, -37.49
4.81, -0.22, -37.5
4.35, -1.78, -37.08
4.35, -2.24, -37.39
4.08, -4.8, -37.38
4.95, -8.19, -37.28
5.7, -9.66, -37.27
5.27, -9.33, -36.83
5.15, -9.81, -36.16
4.89, -11.01, -35.43
4.28, -12.92, -35.2
5.14, -13.34, -35.38
5.25, -11.57, -34.78
5.43, -11.16, -34.28
4.71, -10.31, -33.96
3.6, -10.59, -33.45
3.64, -11.13, -33.64
4.05, -12.18, -33.42
4.21, -14.04, -33.33
4.17, -16.54, -33.11
3.97, -17.07, -33.09
4.41, -17.41, -32.93
5.19, -15.81, -32.93
3.89, -14.89, -32.46
4.14, -14.58, -32.59
4.51, -12.4, -32.45
4.42, -11.86, -32.09
3.98, -10.92, -31.93
4.63, -9.83, -32.12
3.55, -10.77, -32.43
4.76, -10.97, -32.7
4.47, -10.63, -32.42
4.34, -12.43, -32.45
5.03, -11.47, -32.67
5.58, -10.91, -32.99
5.25, -10.48, -32.83
4.89, -9.67, -32.67
5.49, -9.16, -32.32
5.31, -7.38, -32.34
4.58, -7.24, -31.69
5.01, -5.54, -31.47
4.24, -6.4, -31.38
3.59, -7.86, -31.51
3.31, -6.93, -31.89
3.43, -7.05, -32.24
3.3, -7.97, -32.43
4.73, -8.37, -32.72
4.4, -7.9, -32.64
4.06, -7.81, -32.63
4.56, -7.67, -32.58
4.74, -6.55, -32.68
4.11, -8.38, -32.5
4.67, -7.31, -33.27
4.42, -7.03, -33.12
4.65, -9.74, -32.91
4.19, -14.22, -32.97
5.45, -17.42, -33.21
5.64, -16.97, -33.15
4.42, -17.74, -32.38
4.29, -20.05, -32.17
4.92, -17.86, -32.23
4.95, -15.46, -32.21
4.64, -12.84, -31.88
4.21, -10.74, -31.78
4.64, -9.81, -32.35
3.95, -10.76, -32.25
4.87, -8.15, -33.06
4.18, -7.44, -33.36
4.38, -6.54, -33.46
4.54, -7.98, -33.66
4.09, -10.49, -33.61
5.05, -11.06, -34.05
4.74, -9.73, -33.96
3.83, -11.69, -33.85
4.69, -12.04, -33.92
4.64, -11.56, -33.69
4.45, -11.04, -33.41
4.22, -9.77, -33.31
5.08, -8.84, -33.15
4.19, -9.82, -32.87
5.06, -9.61, -33.13
4.55, -8.63, -32.98
4.39, -9.05, -32.88
4.74, -8.92, -32.92
4.49, -10.27, -32.66
4.04, -11.36, -32.67
5.17, -10.0, -33.05
4.39, -10.67, -33.12
4.84, -11.75, -33.07
4.9, -10.88, -32.74
4.78, -11.18, -32.81
4.54, -10.44, -32.29
5.21, -9.52, -32.34
3.93, -11.56, -32.0
4.84, -12.32, -32.26
4.72, -11.05, -32.2
4.34, -11.37, -32.11
4.34, -10.56, -32.23
5.01, -10.37, -32.31
4.0, -10.99, -32.75
5.03, -9.97, -32.99
4.72, -8.43, -32.78
4.37, -9.61, -32.7
4.56, -9.19, -33.18
4.82, -9.2, -33.5
4.01, -8.82, -33.18
4.85, -8.08, -33.67
4.3, -7.14, -33.58
4.13, -8.91, -33.47
4.61, -7.25, -33.94
4.48, -7.16, -34.26
4.17, -7.42, -33.84
4.79, -7.43, -33.96
4.46, -7.88, -33.63
4.09, -8.59, -34.0
4.71, -7.05, -34.33
3.79, -7.78, -34.25
4.25, -8.72, -34.29
4.67, -7.37, -34.71
4.52, -7.58, -34.79
4.19, -6.74, -34.83
4.95, -6.21, -35.19
4.23, -7.15, -34.81
5.11, -7.71, -34.66
5.13, -6.15, -34.66
4.33, -7.46, -34.44
4.66, -8.38, -34.6
4.82, -7.75, -34.71
4.58, -8.43, -34.61
4.09, -7.58, -34.31
5.16, -6.63, -34.24
4.02, -6.37, -34.07
4.45, -7.74, -34.09
4.74, -5.88, -34.14
4.47, -6.4, -34.28
4.29, -6.58, -34.37
4.9, -6.93, -34.25
4.36, -7.45, -34.09
3.9, -9.12, -34.11
4.78, -7.72, -34.54
4.38, -5.65, -34.95
4.3, -1.5, -34.64
4.07, 7.46, -34.76
4.07, 17.85, -35.45
4.22, 24.37, -36.92
4.26, 28.2, -38.48
3.98, 28.66, -40.51
4.19, 27.89, -42.25
5.18, 26.68, -43.09
3.94, 21.69, -44.67
3.85, 16.41, -45.48
4.45, 9.99, -45.68
4.41, 5.56, -46.14
4.37, 4.41, -46.04
4.96, 6.78, -45.5
4.31, 9.93, -45.47
4.46, 12.74, -45.33
5.18, 15.69, -45.9
4.86, 19.57, -46.36
4.61, 18.79, -47.75
3.95, 17.69, -48.31
4.01, 18.25, -49.03
5.29, 18.22, -49.28
4.81, 15.98, -49.54
3.77, 13.38, -49.61
3.98, 9.18, -49.14
4.34, 5.8, -48.31
4.02, 3.72, -47.68
3.47, 3.68, -47.11
2.62, 4.71, -47.01
1.88, 6.3, -47.01
2.5, 7.24, -47.21
3.73, 8.43, -47.22
3.86, 10.68, -47.04
4.18, 10.66, -46.67
3.45, 8.6, -46.52
3.49, 7.86, -46.24
4.92, 6.93, -45.67
5.48, 6.72, -45.07
4.49, 5.78, -44.5
4.33, 3.1, -43.85
4.32, 1.17, -43.44
3.77, 0.84, -43.24
3.0, 2.21, -43.05
2.93, 3.36, -42.9
4.31, 4.18, -42.67
4.81, 6.69, -42.69
4.58, 9.63, -42.74
4.54, 9.34, -42.82
3.74, 8.53, -43.13
4.27, 8.2, -43.28
5.5, 7.94, -42.78
4.97, 8.21, -42.49
4.04, 8.05, -42.29
3.91, 5.69, -41.95
3.83, 3.91, -41.97
3.26, 3.8, -42.07
2.76, 4.82, -41.99
3.47, 6.24, -42.35
4.67, 7.54, -42.08
4.36, 9.85, -42.27
4.13, 10.58, -42.32
4.02, 8.68, -42.01
4.03, 8.88, -42.48
5.05, 9.29, -42.11
5.66, 8.63, -41.87
4.34, 8.18, -41.87
3.6, 7.0, -41.52
4.0, 4.89, -41.04
4.08, 4.35, -40.9
3.89, 5.41, -40.9
4.3, 7.31, -41.25
5.46, 8.81, -41.03
4.74, 9.09, -41.27
3.59, 8.63, -41.59
4.08, 6.74, -41.49
4.2, 7.19, -41.5
4.25, 8.76, -41.66
4.96, 9.09, -41.35
4.13, 8.08, -41.62
3.1, 7.03, -41.75
3.85, 6.57, -41.59
5.06, 6.73, -41.39
4.99, 8.85, -41.15
4.94, 9.91, -41.11
4.92, 8.71, -41.05
3.78, 7.7, -41.32
4.24, 7.41, -41.55
5.58, 7.49, -41.12
5.59, 8.46, -40.83
4.7, 9.01, -40.88
4.57, 7.09, -41.4
4.16, 5.36, -41.62
3.58, 5.18, -42.08
3.54, 6.06, -42.05
4.83, 6.76, -42.32
5.6, 7.62, -41.99
4.19, 8.66, -42.14
3.96, 7.85, -42.34
3.77, 6.31, -43.03
3.66, 6.3, -42.87
3.94, 6.82, -42.74
5.35, 6.6, -42.93
5.5, 7.14, -42.83
4.71, 8.41, -42.34
4.5, 7.35, -42.09
4.25, 5.11, -41.87
3.43, 4.2, -41.96
3.06, 3.52, -41.93
3.87, 3.38, -41.77
4.89, 3.79, -41.59
4.93, 6.01, -42.28
5.04, 7.88, -42.09
5.46, 8.28, -41.69
4.24, 7.0, -41.54
4.1, 5.99, -41.9
5.0, 4.83, -41.96
5.11, 5.07, -42.02
4.85, 6.36, -41.57
5.6, 7.15, -41.33
5.7, 6.79, -40.98
4.09, 6.32, -40.82
3.73, 5.01, -40.62
4.0, 3.81, -40.61
3.79, 4.16, -40.88
3.6, 5.86, -40.87
4.49, 6.98, -40.94
4.71, 7.9, -41.48
3.6, 7.99, -41.61
3.86, 6.2, -41.92
4.25, 5.98, -41.96
4.25, 7.78, -41.8
4.85, 8.23, -41.69
4.88, 6.67, -41.67
3.55, 5.44, -41.63
3.5, 4.52, -41.57
4.72, 4.16, -41.11
5.23, 4.94, -41.13
4.89, 7.32, -41.06
5.06, 8.17, -40.95
4.67, 6.77, -41.07
3.55, 5.93, -41.57
4.16, 6.02, -41.76
5.38, 6.52, -41.73
4.99, 8.02, -41.57
4.33, 8.4, -41.46
4.25, 5.74, -41.24
3.8, 5.31, -41.38
3.76, 5.97, -41.73
4.77, 6.44, -41.65
5.6, 6.62, -41.29
4.31, 6.85, -41.54
3.91, 5.84, -41.34
4.13, 4.15, -41.33
3.88, 4.42, -41.28
4.21, 5.17, -40.98
5.49, 5.95, -41.15
5.12, 6.83, -40.75
4.14, 6.34, -40.63
4.29, 4.5, -40.86
4.05, 4.0, -40.76
4.52, 4.65, -40.77
5.64, 5.06, -40.42
4.39, 5.01, -40.23
3.71, 3.7, -40.28
4.23, 1.95, -40.15
4.3, 2.62, -40.35
4.54, 3.96, -40.39
5.38, 4.69, -40.2
4.52, 4.95, -40.29
3.6, 4.09, -40.03
4.48, 3.06, -39.88
4.62, 4.66, -40.32
4.8, 5.93, -39.92
5.02, 5.11, -40.28
3.57, 3.89, -39.62
3.79, 2.99, -39.54
4.94, 2.77, -39.46
5.03, 4.56, -39.94
5.05, 6.49, -39.7
5.15, 6.16, -39.34
3.99, 5.32, -39.5
3.95, 4.38, -40.34
5.32, 4.58, -40.7
5.1, 6.1, -40.51
4.8, 6.38, -40.33
4.55, 4.26, -39.93
3.65, 3.08, -40.38
3.89, 2.88, -40.04
5.37, 3.07, -39.92
5.74, 4.54, -39.58
5.23, 6.53, -39.61
4.92, 5.86, -39.56
4.14, 5.17, -39.65
4.15, 5.71, -39.93
5.27, 6.58, -39.99
4.4, 6.32, -39.82
3.57, 5.21, -39.75
4.13, 3.53, -39.9
4.32, 4.98, -40.43
4.54, 6.15, -40.53
4.86, 5.8, -40.51
3.8, 4.61, -40.46
4.26, 3.75, -40.51
5.52, 4.03, -40.76
5.12, 5.07, -40.21
4.46, 5.46, -39.98
4.42, 3.24, -40.05
3.93, 3.09, -39.95
4.27, 3.74, -40.08
5.59, 4.21, -39.76
4.83, 5.25, -39.92
4.19, 4.65, -40.08
4.2, 3.08, -39.92
3.85, 3.11, -40.31
4.98, 2.92, -40.14
5.36, 3.87, -39.93
5.31, 5.32, -39.7
5.67, 5.82, -39.41
4.79, 5.73, -39.33
4.35, 4.18, -39.21
4.15, 3.43, -39.18
4.32, 3.92, -39.38
4.94, 3.91, -39.21
5.4, 3.4, -38.65
4.93, 2.47, -38.5
4.34, 2.13, -38.69
4.45, 3.14, -39.11
4.84, 4.37, -38.73
4.74, 3.49, -38.62
4.12, 2.27, -38.72
4.14, 3.0, -39.15
4.64, 3.63, -39.01
4.8, 3.55, -38.7
4.33, 1.74, -38.43
3.89, 1.65, -38.4
4.53, 2.27, -38.45
4.72, 2.58, -38.15
4.19, 1.13, -38.29
3.88, 1.51, -38.26
4.45, 2.15, -38.45
4.38, 1.98, -38.7
4.1, 1.87, -38.91
4.26, 3.46, -38.73
4.7, 3.19, -38.85
4.6, 1.45, -38.73
4.12, 0.67, -39.07
4.64, 1.64, -39.34
4.73, 0.94, -38.84
4.33, 0.22, -39.08
4.24, 0.87, -39.33
4.72, 1.68, -39.1
4.55, 1.88, -38.87
4.13, 1.95, -38.51
4.18, 3.31, -38.76
4.75, 3.45, -38.66
4.88, 2.08, -38.63
4.19, 0.55, -38.3
4.5, 0.64, -38.1
4.68, 0.79, -37.71
4.36, 0.32, -37.47
4.01, 1.52, -37.51
4.56, 3.02, -37.22
4.86, 3.02, -37.09
4.65, 1.16, -37.6
4.35, -0.45, -37.89
4.14, 0.82, -38.04
4.75, 0.93, -37.98
4.61, -0.19, -37.57
4.17, -0.19, -37.37
4.41, 0.67, -37.8
4.57, 0.21, -38.45
4.18, -0.92, -38.6
4.53, -0.03, -38.75
4.73, 0.15, -38.47
4.05, 0.18, -38.06
4.57, 1.32, -38.01
4.95, 1.08, -37.45
4.56, 0.58, -37.44
3.97, 0.48, -37.66
4.37, 2.24, -37.93
4.85, 2.26, -37.96
4.66, 1.56, -38.21
4.2, 1.12, -38.86
4.3, 3.48, -38.98
4.75, 3.68, -38.69
4.9, 2.61, -38.89
4.34, 1.33, -38.93
4.1, 1.51, -38.96
4.44, 2.05, -39.33
4.61, 0.99, -39.09
4.21, 0.11, -39.03
4.39, 0.84, -39.03
4.61, 1.1, -38.85
4.37, 0.4, -39.27
4.16, 1.12, -39.25
4.51, 1.7, -39.18
4.62, 2.06, -38.93
4.54, 0.88, -39.05
3.84, 0.19, -39.24
4.06, 0.98, -39.97
4.43, 2.4, -39.99
4.56, 2.24, -40.24
4.24, 1.04, -40.04
4.08, 0.38, -40.23
4.39, 1.06, -39.89
4.7, 0.9, -39.61
4.08, -0.99, -39.38
4.23, -1.04, -39.65
4.93, 0.01, -39.43
4.72, -2.07, -39.22
4.06, -7.62, -39.43
5.08, -15.96, -39.3
5.05, -25.56, -38.55
5.66, -33.02, -38.26
6.62, -38.05, -38.1
7.07, -39.83, -37.51
6.56, -37.71, -36.1
6.39, -28.54, -35.3
5.6, -15.76, -34.0
5.47, -4.56, -33.68
5.23, 1.0, -33.61
5.03, 2.73, -33.93
5.21, 1.56, -34.28
4.87, -0.56, -35.42
4.69, -2.66, -35.35
4.97, -5.41, -35.45
4.43, -10.13, -35.06
4.85, -9.79, -34.79
4.38, -7.97, -34.32
4.36, -4.02, -34.38
4.81, -0.53, -34.42
4.95, 0.42, -34.57
5.18, 1.08, -34.92
5.11, 1.06, -35.24
4.76, 0.17, -35.44
4.09, -1.06, -35.57
4.12, -1.13, -35.91
4.44, -1.7, -36.16
4.5, -2.32, -36.51
3.93, -1.27, -36.89
4.2, 0.23, -37.01
4.71, -0.09, -36.82
4.55, -0.4, -36.83
4.21, -0.69, -36.97
3.85, 0.25, -36.96
4.35, 1.15, -37.22
4.51, -0.08, -37.25
4.09, -1.34, -37.47
4.22, -1.24, -37.71
3.92, 0.35, -37.89
4.14, 2.58, -38.01
4.6, 4.49, -38.35
4.73, 4.63, -38.59
4.33, 3.71, -38.81
3.7, 3.87, -39.12
4.28, 4.94, -39.05
3.93, 5.42, -39.42
4.15, 7.96, -39.77
4.59, 8.49, -40.51
4.48, 8.12, -40.9
3.88, 7.56, -41.44
3.49, 9.55, -42.03
4.3, 14.38, -42.4
4.58, 22.17, -43.17
4.68, 29.66, -44.45
5.05, 33.93, -46.04
4.72, 32.46, -47.58
3.84, 28.97, -49.21
4.56, 25.32, -49.39
3.74, 21.21, -50.32
4.49, 20.18, -50.06
4.64, 18.97, -49.89
4.29, 19.26, -49.88
4.41, 19.73, -50.0
4.94, 21.54, -49.69
4.16, 21.29, -50.47
4.05, 22.1, -50.56
4.76, 21.33, -49.99
4.58, 19.27, -50.29
3.82, 17.47, -50.77
4.4, 16.24, -50.58
3.81, 16.1, -50.42
4.48, 16.51, -50.34
4.05, 15.39, -49.85
4.12, 16.26, -49.99
4.47, 15.33, -49.79
4.0, 15.6, -49.81
4.16, 16.38, -49.46
4.2, 15.5, -49.34
3.88, 15.52, -49.32
4.15, 16.72, -49.22
4.48, 15.91, -49.15
4.24, 16.55, -49.92
4.35, 16.44, -50.36
4.03, 18.19, -50.83
4.34, 20.2, -50.99
4.15, 20.03, -51.49
3.94, 19.62, -51.59
3.9, 20.87, -52.31
4.87, 22.28, -52.21
4.49, 24.55, -53.91
4.55, 30.37, -55.6
4.78, 32.06, -55.92
5.02, 32.18, -57.01
4.67, 28.97, -57.96
4.19, 24.89, -59.75
4.08, 24.53, -59.98
3.96, 20.62, -60.81
4.02, 20.75, -60.57
4.36, 18.41, -59.61
3.8, 20.02, -58.93
4.18, 18.74, -58.53
3.6, 20.89, -58.52
4.3, 21.58, -58.24
3.86, 21.46, -58.21
3.62, 23.76, -58.2
4.12, 23.26, -58.31
4.38, 21.37, -57.91
3.91, 20.37, -57.6
4.29, 19.46, -57.17
4.09, 18.23, -56.69
4.02, 18.52, -56.19
4.15, 18.46, -55.61
3.51, 19.11, -55.09
3.74, 14.01, -54.77
3.78, 5.34, -54.05
4.43, -3.55, -52.59
4.91, -12.12, -51.17
4.25, -16.55, -49.24
3.84, -20.08, -47.53
4.45, -18.94, -46.31
3.68, -15.69, -44.75
3.99, -11.11, -43.67
4.35, -7.3, -42.83
3.97, -5.93, -41.94
3.72, -6.96, -40.98
3.96, -9.46, -40.51
4.45, -11.78, -39.97
4.44, -14.62, -39.25
3.88, -16.1, -38.47
4.05, -15.41, -37.93
4.73, -14.1, -37.2
5.23, -13.45, -36.88
5.5, -12.47, -36.41
5.66, -12.47, -36.01
5.8, -13.2, -35.61
5.87, -14.14, -35.34
5.82, -15.33, -34.82
5.53, -16.12, -34.64
4.82, -16.14, -33.86
4.24, -16.01, -33.36
3.99, -15.33, -33.71
4.04, -13.83, -33.71
4.21, -12.02, -33.98
4.24, -11.89, -34.07
3.95, -12.62, -33.87
3.82, -14.36, -33.54
3.57, -15.47, -33.8
3.65, -16.33, -33.63
4.13, -15.91, -33.47
4.72, -15.83, -33.2
5.07, -15.5, -33.16
5.39, -15.56, -33.13
5.68, -15.07, -32.99
5.73, -15.14, -32.66
5.61, -15.32, -32.48
5.38, -15.46, -32.46
5.28, -16.13, -32.15
4.81, -16.7, -32.12
4.38, -16.67, -32.25
3.8, -15.53, -32.7
3.55, -15.0, -32.6
3.35, -14.06, -32.91
3.09, -14.11, -33.28
3.01, -14.62, -33.44
2.89, -15.08, -33.48
2.73, -15.7, -33.56
2.8, -15.21, -33.56
3.14, -14.96, -33.45
4.04, -14.14, -33.48
4.44, -13.99, -33.41
4.72, -14.79, -33.15
4.93, -14.72, -32.87
5.21, -14.06, -32.76
5.44, -13.98, -32.19
5.66, -15.02, -31.81
5.75, -14.78, -31.53
6.0, -14.42, -31.21
6.2, -14.22, -31.0
6.39, -14.7, -30.65
6.4, -15.03, -30.42
6.58, -13.89, -30.2
6.7, -13.08, -29.95
6.82, -13.0, -29.61
6.89, -12.56, -29.38
6.77, -12.56, -29.05
6.74, -12.76, -28.99
6.45, -13.43, -28.91
6.43, -12.68, -28.92
6.47, -12.56, -28.74
6.48, -13.18, -28.65
6.48, -13.09, -28.65
6.6, -11.67, -28.69
6.76, -11.41, -28.37
6.7, -11.8, -28.17
6.36, -11.9, -27.87
6.17, -12.63, -27.95
5.98, -13.32, -27.84
5.93, -12.22, -28.09
5.93, -12.48, -27.84
5.86, -11.64, -27.72
5.59, -11.69, -27.46
5.24, -12.5, -27.47
4.83, -11.73, -27.47
4.62, -11.11, -27.52
4.2, -11.78, -27.64
3.94, -13.11, -27.78
3.78, -14.17, -28.15
3.69, -14.73, -28.58
3.54, -14.64, -28.66
3.55, -13.4, -29.0
3.55, -12.13, -29.18
3.27, -12.26, -29.6
3.07, -12.96, -29.77
3.0, -13.27, -30.37
2.76, -14.47, -30.45
2.75, -16.27, -31.12
2.51, -16.39, -31.68
2.44, -15.72, -32.32
2.41, -15.43, -32.68
2.52, -13.57, -32.9
2.46, -13.28, -32.99
2.42, -14.12, -33.59
2.44, -14.5, -33.83
2.45, -15.19, -33.85
2.49, -15.48, -34.14
2.59, -15.36, -34.47
2.47, -14.71, -35.17
2.56, -14.39, -35.13
2.64, -13.37, -35.22
2.63, -13.18, -35.66
2.62, -12.65, -35.88
2.49, -12.67, -35.75
2.46, -13.76, -35.95
2.36, -15.44, -35.84
2.53, -14.95, -36.2
2.45, -14.37, -35.87
2.75, -13.6, -35.76
3.09, -12.39, -35.69
3.32, -11.93, -35.64
3.29, -11.81, -35.31
3.23, -11.93, -35.08
3.14, -13.04, -34.77
2.92, -13.98, -34.71
3.05, -14.33, -34.84
3.31, -12.95, -34.61
3.55, -12.33, -34.51
3.68, -12.0, -34.3
3.77, -12.17, -34.02
3.61, -12.75, -33.7
3.56, -13.93, -33.65
3.61, -14.91, -33.67
3.64, -13.99, -33.8
3.94, -13.76, -33.78
4.27, -12.54, -33.63
4.7, -11.74, -33.4
4.82, -11.86, -33.33
4.83, -12.05, -33.31
4.61, -12.55, -33.16
4.61, -12.43, -32.99
4.85, -13.26, -32.78
5.04, -13.49, -32.43
5.27, -12.53, -32.23
5.58, -12.69, -31.99
5.88, -12.77, -31.66
5.95, -12.73, -31.64
6.16, -11.8, -31.36
6.15, -11.67, -30.94
6.31, -12.21, -30.96
6.35, -12.23, -31.08
6.36, -12.59, -30.79
6.32, -13.69, -30.81
6.06, -14.56, -30.64
5.74, -15.91, -30.61
5.31, -14.3, -30.84
4.83, -8.29, -30.65
4.89, 0.33, -31.32
4.84, 6.76, -32.51
4.9, 10.82, -33.74
4.76, 9.91, -34.84
4.97, 7.65, -36.24
5.52, 4.49, -36.76
4.77, 0.88, -37.47
5.25, 0.73, -38.18
4.65, 0.66, -37.94
4.62, 2.59, -37.61
4.71, 3.86, -37.44
4.57, 4.63, -37.5
4.2, 4.4, -38.13
3.65, 4.23, -38.43
3.75, 5.34, -38.93
4.56, 4.96, -39.22
4.38, 3.6, -39.92
3.98, 2.28, -40.13
4.44, 2.68, -40.36
4.47, 2.08, -40.06
3.89, 1.55, -40.35
4.22, 3.0, -40.54
4.5, 3.18, -40.45
4.07, 2.18, -40.25
3.63, 2.43, -40.1
4.17, 3.81, -40.42
4.14, 3.35, -39.99
3.73, 2.93, -40.68
3.87, 3.94, -41.11
4.03, 4.91, -41.21
3.88, 4.0, -41.27
3.54, 3.49, -41.0
3.98, 5.07, -41.42
4.17, 5.3, -41.65
3.8, 4.75, -41.57
3.81, 6.75, -42.45
4.09, 10.69, -43.21
4.07, 17.02, -43.59
4.36, 26.16, -44.87
4.05, 33.75, -47.74
4.28, 36.15, -49.33
4.21, 33.93, -50.88
4.85, 30.12, -51.53
5.23, 24.66, -51.92
4.81, 19.26, -52.26
4.93, 14.97, -51.89
4.01, 13.94, -51.31
3.75, 13.67, -50.68
4.37, 14.79, -50.1
3.94, 16.06, -49.72
4.14, 19.76, -49.78
4.49, 20.91, -49.71
4.79, 20.15, -50.07
4.25, 18.2, -50.78
4.01, 17.55, -51.01
4.34, 17.26, -51.02
4.48, 15.27, -51.26
4.33, 15.66, -51.16
4.58, 14.2, -50.42
4.39, 13.37, -50.06
4.18, 15.44, -50.18
4.06, 14.53, -50.07
3.9, 14.44, -50.1
3.99, 15.91, -50.0
4.33, 15.65, -50.2
3.96, 15.0, -51.24
4.01, 15.9, -50.93
4.11, 15.17, -50.75
4.09, 13.54, -50.76
4.33, 13.89, -50.69
4.32, 15.06, -50.65
3.98, 14.13, -50.42
3.98, 15.02, -50.21
3.97, 12.92, -50.15
4.04, 6.3, -49.71
3.96, -3.32, -48.39
3.9, -11.52, -47.37
4.94, -17.82, -46.54
4.39, -19.54, -44.99
4.18, -18.79, -43.32
4.17, -15.26, -42.22
4.48, -10.05, -41.71
4.62, -6.15, -41.32
4.47, -4.74, -40.63
4.15, -5.93, -40.08
4.62, -6.9, -39.92
5.07, -8.22, -39.52
5.16, -10.67, -38.94
5.02, -12.74, -38.69
4.38, -14.07, -38.1
4.12, -13.51, -37.85
4.45, -12.16, -37.58
4.59, -10.51, -37.37
5.32, -9.3, -36.75
5.62, -9.27, -36.34
4.9, -9.41, -36.12
5.07, -10.51, -35.78
4.75, -12.52, -35.3
5.22, -13.29, -35.03
5.33, -12.75, -34.59
5.7, -13.39, -34.14
5.35, -14.6, -33.86
5.08, -14.72, -33.4
4.58, -14.09, -33.12
4.16, -14.07, -33.03
3.95, -14.37, -32.98
3.9, -12.27, -32.92
4.08, -11.79, -32.89
4.0, -13.01, -32.92
3.97, -15.25, -33.07
4.04, -15.56, -32.94
4.72, -14.76, -33.19
5.02, -16.85, -33.16
4.69, -18.05, -32.99
4.48, -17.45, -33.33
4.24, -15.74, -33.21
4.85, -13.25, -33.18
5.15, -12.77, -33.32
5.33, -12.9, -33.16
5.6, -13.74, -33.08
6.0, -14.6, -33.16
5.89, -17.06, -32.65
5.82, -18.95, -32.42
6.47, -19.57, -32.59
4.51, -20.54, -31.64
5.0, -19.78, -32.08
5.21, -18.49, -31.82
5.3, -16.5, -32.2
5.66, -15.92, -32.08
5.77, -16.26, -32.29
5.85, -16.36, -32.29
5.92, -16.87, -31.8
5.99, -17.61, -31.73
5.66, -18.53, -31.43
4.91, -18.72, -31.01
3.89, -17.35, -30.37
3.46, -12.42, -30.5
2.55, -4.28, -31.45
2.15, 6.02, -32.31
2.4, 14.57, -34.69
2.87, 19.74, -36.66
2.64, 16.38, -39.23
3.05, 9.81, -40.29
3.37, -1.03, -41.14
3.22, -9.18, -40.85
4.24, -15.56, -41.01
4.91, -17.33, -39.98
4.73, -17.66, -39.46
5.15, -15.66, -38.66
4.94, -13.35, -38.37
4.47, -10.82, -37.44
4.39, -9.47, -37.9
4.5, -10.12, -37.37
4.94, -10.91, -37.59
5.3, -12.06, -37.21
5.6, -12.34, -37.24
5.5, -14.02, -36.67
5.0, -17.46, -36.56
4.47, -19.2, -36.01
4.34, -17.99, -36.07
4.81, -15.41, -35.86
5.24, -14.4, -35.64
5.62, -13.93, -35.14
5.45, -14.51, -35.05
5.15, -15.59, -34.52
4.94, -15.96, -34.47
5.04, -15.93, -33.94
5.35, -16.52, -33.55
5.72, -17.15, -33.47
6.04, -17.38, -32.75
6.06, -16.17, -32.5
6.09, -16.69, -32.09
6.39, -16.26, -31.81
6.52, -15.71, -31.38
6.66, -14.9, -31.44
6.75, -14.73, -31.05
6.65, -14.81, -30.91
6.67, -15.85, -30.6
6.66, -16.57, -30.47
6.43, -16.38, -30.42
6.43, -15.89, -30.25
6.39, -16.67, -30.11
6.3, -17.75, -30.4
6.18, -17.12, -30.53
6.03, -16.3, -30.55
5.86, -17.3, -30.73
5.65, -17.14, -31.13
5.5, -17.16, -31.13
5.18, -16.46, -31.1
4.77, -17.65, -31.16
4.78, -17.93, -31.3
4.46, -18.21, -31.46
4.27, -18.61, -31.64
3.79, -19.6, -31.75
3.42, -19.56, -31.91
3.7, -18.84, -32.65
3.89, -16.99, -33.16
3.76, -16.75, -32.93
3.72, -17.69, -33.05
3.27, -18.52, -32.86
3.37, -17.96, -32.98
2.99, -18.71, -33.0
3.33, -19.39, -33.5
3.91, -18.85, -33.39
3.72, -17.43, -33.39
3.94, -16.93, -33.21
4.16, -17.74, -33.03
4.32, -18.04, -33.0
4.7, -17.36, -33.0
4.73, -16.54, -32.97
4.89, -16.86, -32.5
4.86, -17.49, -32.54
4.84, -16.75, -32.36
5.03, -16.82, -32.44
5.05, -18.04, -31.96
5.62, -19.08, -31.77
5.96, -19.23, -31.64
5.98, -18.82, -31.47
6.11, -18.19, -31.14
6.33, -17.8, -31.22
6.33, -18.6, -30.93
6.59, -18.91, -30.93
6.65, -18.35, -30.55
6.57, -18.28, -30.65
6.05, -18.57, -30.17
6.41, -18.46, -30.71
6.21, -19.55, -30.2
6.11, -20.63, -31.04
5.41, -20.01, -30.48
5.19, -18.38, -31.04
4.54, -18.59, -30.34
4.31, -21.25, -30.84
4.03, -21.41, -30.8
3.66, -20.09, -31.39
3.53, -19.6, -31.36
3.61, -19.75, -31.9
3.58, -19.38, -32.03
3.57, -20.19, -32.35
3.55, -20.11, -32.33
3.48, -19.49, -32.33
3.54, -20.49, -32.23
3.5, -22.19, -32.45
3.84, -21.52, -32.32
4.42, -20.19, -32.29
4.86, -19.77, -32.25
5.29, -19.47, -32.2
5.68, -20.08, -32.13
5.85, -21.02, -32.18
6.05, -20.25, -32.06
6.26, -20.14, -31.63
6.49, -19.96, -31.53
6.57, -19.63, -31.07
6.74, -19.1, -30.88
6.69, -18.63, -30.38
6.83, -18.43, -30.36
6.93, -18.45, -29.92
6.9, -19.57, -29.89
7.0, -19.56, -29.59
6.84, -19.38, -29.34
6.81, -18.93, -29.09
6.72, -18.42, -29.04
6.63, -18.6, -28.39
6.6, -18.73, -28.62
6.65, -18.61, -28.64
6.55, -19.54, -28.84
6.44, -20.63, -28.77
6.4, -19.85, -29.44
6.03, -19.31, -29.46
5.51, -18.46, -29.49
5.38, -18.55, -29.61
5.54, -18.74, -30.13
5.52, -19.11, -29.96
5.55, -18.74, -30.22
5.37, -19.29, -30.36
5.48, -20.07, -30.45
5.6, -21.11, -30.7
5.47, -21.77, -30.77
5.14, -21.75, -31.35
4.62, -21.54, -31.38
4.12, -21.78, -31.37
4.02, -21.8, -31.45
3.43, -21.56, -31.53
3.46, -19.96, -31.63
3.53, -18.98, -31.89
3.15, -19.2, -32.08
2.99, -19.83, -31.95
2.98, -20.26, -31.82
2.98, -21.44, -32.09
3.44, -19.94, -32.21
3.84, -19.51, -32.32
4.27, -18.84, -32.16
4.59, -19.13, -32.1
4.76, -19.12, -32.09
4.76, -19.53, -32.02
4.83, -19.72, -31.78
5.02, -19.33, -31.69
5.24, -20.31, -31.28
5.39, -21.6, -31.46
5.71, -20.87, -31.44
6.04, -20.83, -31.38
6.39, -20.09, -30.97
6.58, -20.6, -30.53
6.64, -21.02, -30.44
6.52, -20.33, -30.1
6.11, -21.23, -29.87
5.78, -22.29, -29.87
5.35, -22.77, -30.18
4.54, -22.67, -29.99
4.07, -21.52, -30.35
4.36, -20.73, -30.67
3.87, -21.55, -30.86
3.64, -22.07, -31.0
3.61, -22.17, -31.18
3.73, -22.63, -31.55
3.56, -22.61, -31.79
3.91, -22.74, -31.93
4.41, -22.74, -32.01
4.76, -21.74, -31.67
5.12, -21.68, -31.64
5.76, -23.22, -31.73
5.98, -23.16, -31.6
6.14, -22.37, -31.35
6.24, -24.14, -31.4
5.89, -22.98, -31.01
6.35, -23.15, -30.72
6.05, -23.65, -30.44
5.73, -23.62, -30.24
5.09, -22.6, -29.82
4.67, -22.58, -29.86
4.1, -22.36, -30.08
3.62, -22.96, -30.28
3.46, -21.92, -30.79
3.25, -21.64, -30.92
3.15, -22.46, -30.9
2.88, -22.17, -31.42
2.9, -22.79, -31.38
3.16, -21.86, -31.88
3.46, -21.73, -31.99
3.93, -21.7, -32.39
4.36, -23.2, -32.24
4.67, -23.24, -32.0
5.15, -22.72, -32.19
5.44, -22.02, -32.26
5.91, -20.86, -32.05
6.28, -20.6, -31.88
6.38, -21.18, -31.47
6.37, -22.22, -31.25
6.52, -22.33, -31.06
6.65, -20.95, -30.71
6.16, -21.5, -30.02
5.89, -22.13, -29.77
5.57, -22.27, -29.75
4.93, -21.97, -29.73
5.96, -21.48, -30.27
4.94, -21.58, -30.34
4.32, -21.74, -30.61
4.09, -21.02, -30.73
3.64, -21.79, -30.8
4.18, -23.08, -31.22
3.97, -22.26, -31.47
3.6, -21.98, -31.57
3.59, -22.47, -31.98
3.54, -21.63, -31.98
3.57, -21.76, -31.98
3.37, -23.33, -31.74
3.56, -22.83, -31.61
3.92, -22.54, -31.71
4.38, -21.61, -31.78
4.62, -22.35, -31.55
5.01, -22.05, -31.6
5.43, -21.28, -31.31
5.86, -22.35, -31.38
6.07, -21.83, -30.97
6.31, -21.9, -30.62
6.34, -22.54, -30.37
6.53, -23.31, -30.15
6.73, -23.67, -30.09
6.51, -23.61, -29.79
6.52, -23.08, -29.59
6.27, -22.01, -29.2
5.91, -23.04, -29.18
5.87, -22.4, -29.2
5.81, -21.65, -29.68
5.53, -20.45, -29.34
5.5, -20.32, -29.42
5.69, -20.55, -29.27
5.81, -20.49, -29.58
6.12, -20.76, -29.81
6.38, -20.46, -30.0
6.56, -20.48, -30.18
6.82, -20.4, -30.34
6.85, -20.59, -30.35
7.03, -20.96, -30.16
7.01, -19.97, -30.44
7.01, -20.46, -30.18
7.15, -20.82, -30.03
7.29, -19.98, -29.88
7.44, -20.29, -29.65
7.46, -19.97, -29.44
7.27, -20.33, -29.17
7.35, -20.83, -28.77
7.23, -21.24, -28.65
7.2, -21.05, -28.18
7.19, -21.05, -28.22
7.32, -21.04, -28.05
7.21, -20.55, -28.11
7.18, -20.22, -27.73
7.12, -20.74, -27.89
7.06, -20.74, -27.78
6.85, -21.06, -27.78
6.76, -20.49, -27.6
7.12, -20.32, -28.0
6.9, -20.58, -27.79
6.88, -20.87, -28.06
6.73, -21.13, -27.93
6.5, -22.13, -27.77
6.35, -21.46, -27.77
6.07, -21.38, -27.95
5.53, -21.61, -28.08
4.99, -22.29, -28.13
4.41, -21.08, -28.08
3.85, -21.8, -28.16
3.41, -20.94, -28.55
3.17, -19.83, -29.04
3.01, -20.07, -29.18
2.91, -20.6, -29.49
3.35, -21.48, -29.86
3.72, -22.55, -30.35
3.61, -23.36, -30.43
3.16, -24.33, -30.58
3.16, -24.91, -30.83
3.31, -23.84, -31.05
3.43, -21.83, -31.07
3.36, -21.25, -31.13
3.27, -21.55, -31.46
3.33, -21.79, -31.7
3.33, -23.31, -31.61
3.15, -23.91, -31.65
2.89, -23.57, -31.57
2.91, -24.01, -31.87
2.73, -24.53, -31.91
2.59, -23.35, -32.04
2.88, -22.42, -32.23
3.08, -23.84, -32.48
3.06, -24.25, -32.38
3.32, -23.84, -32.72
3.26, -23.75, -32.82
3.52, -24.14, -32.84
3.74, -24.37, -33.12
4.19, -24.16, -33.23
4.58, -24.89, -33.38
5.21, -26.16, -33.25
5.0, -27.49, -33.05
4.7, -30.67, -32.71
4.64, -34.03, -32.34
5.03, -38.02, -32.55
5.24, -40.09, -32.47
5.27, -41.67, -32.21
5.46, -40.82, -32.01
6.09, -40.72, -32.15
6.6, -40.29, -32.36
6.57, -40.07, -32.28
6.18, -39.29, -31.71
5.51, -41.09, -30.98
5.84, -42.98, -31.05
6.52, -43.29, -31.4
7.02, -42.09, -31.61
7.25, -42.11, -31.31
6.48, -43.45, -30.34
5.96, -44.16, -30.04
5.94, -44.73, -30.06
6.44, -45.42, -30.21
6.83, -44.8, -30.35
7.19, -44.61, -30.5
7.2, -42.89, -30.48
6.93, -40.35, -30.38
6.29, -39.41, -29.81
5.61, -41.85, -29.34
5.54, -39.77, -29.56
5.72, -38.24, -29.61
6.02, -38.18, -29.67
6.47, -36.65, -30.1
6.69, -34.83, -30.15
6.73, -33.74, -30.24
6.4, -32.71, -29.91
5.76, -32.65, -29.42
4.84, -32.51, -28.59
4.25, -32.35, -28.53
3.92, -31.95, -28.39
3.86, -33.12, -28.39
3.85, -33.02, -28.6
3.72, -31.83, -28.94
3.59, -29.98, -29.24
3.34, -28.85, -29.47
3.42, -28.04, -29.79
3.85, -27.56, -30.25
4.33, -27.07, -30.47
5.02, -27.77, -31.09
5.67, -27.93, -31.42
6.18, -27.88, -31.5
6.53, -27.74, -31.46
6.85, -27.71, -31.48
7.22, -27.38, -31.28
7.3, -26.63, -31.01
7.2, -26.23, -31.04
7.1, -26.06, -30.62
7.03, -25.87, -30.46
6.82, -26.07, -30.13
6.31, -25.71, -29.67
6.19, -26.07, -29.37
5.97, -27.65, -29.26
5.69, -28.44, -29.25
5.63, -27.51, -29.08
5.99, -25.23, -29.3
6.15, -24.18, -29.06
6.14, -23.57, -28.78
5.93, -23.63, -28.61
5.43, -24.3, -28.56
4.8, -25.47, -28.22
4.64, -24.81, -28.54
4.56, -25.1, -28.43
4.5, -26.57, -28.59
4.34, -26.46, -28.64
4.37, -25.61, -28.59
4.21, -25.38, -28.63
3.72, -25.56, -28.42
3.35, -26.14, -28.41
3.33, -26.75, -28.94
3.13, -27.29, -29.0
3.06, -26.24, -29.06
2.97, -26.46, -29.22
2.99, -25.87, -29.62
3.05, -25.67, -29.74
3.05, -25.04, -29.87
3.01, -24.25, -30.21
3.08, -24.36, -30.55
3.46, -24.77, -31.01
3.97, -25.36, -31.27
4.44, -25.99, -31.34
4.9, -28.26, -31.55
5.04, -29.12, -31.6
4.88, -29.24, -31.43
4.29, -28.23, -31.39
3.95, -26.73, -31.13
3.81, -26.7, -31.08
3.65, -26.96, -31.13
3.64, -25.95, -31.52
3.86, -25.18, -31.65
4.19, -26.52, -31.56
4.86, -27.34, -31.83
5.41, -28.09, -31.86
5.63, -28.2, -32.06
5.62, -28.83, -31.75
5.52, -28.17, -31.46
5.03, -28.16, -30.97
4.92, -25.97, -30.91
4.73, -25.89, -31.05
4.82, -26.81, -31.0
5.29, -27.42, -31.2
5.65, -25.93, -31.26
5.7, -25.89, -30.97
6.13, -26.03, -31.05
6.42, -25.64, -30.9
6.72, -25.54, -30.72
6.99, -26.39, -30.56
6.9, -25.91, -30.44
7.06, -24.59, -30.41
6.01, -25.81, -29.53
6.1, -26.88, -29.39
6.12, -26.09, -29.52
6.23, -25.37, -29.28
6.03, -25.95, -29.08
5.85, -25.2, -28.72
5.35, -24.6, -28.54
4.73, -25.19, -28.06
4.36, -26.48, -27.91
4.22, -27.07, -28.01
4.18, -26.61, -28.05
3.82, -26.68, -28.04
3.65, -26.45, -28.32
3.29, -26.79, -28.18
3.42, -26.52, -28.76
3.36, -23.7, -29.22
3.25, -23.4, -29.31
3.26, -24.17, -29.43
3.54, -24.31, -29.99
3.96, -24.1, -30.46
4.49, -25.2, -31.06
4.99, -26.66, -31.31
5.44, -26.11, -31.83
5.49, -25.48, -31.7
5.58, -26.25, -31.57
5.68, -26.95, -31.28
5.95, -26.84, -31.58
5.87, -25.43, -31.86
5.95, -23.55, -31.9
6.45, -23.41, -32.09
6.57, -23.97, -31.82
6.03, -24.22, -31.39
5.86, -24.37, -31.31
5.05, -27.05, -30.81
4.62, -29.11, -30.68
4.66, -29.19, -30.8
4.98, -26.66, -30.77
5.24, -26.21, -30.69
5.34, -26.27, -30.75
5.06, -25.16, -30.59
4.76, -25.89, -30.14
4.5, -27.23, -29.87
4.33, -28.59, -30.06
4.14, -28.62, -29.81
4.47, -27.67, -29.64
4.84, -26.52, -29.78
5.19, -26.13, -29.55
5.58, -25.69, -29.51
5.78, -25.29, -29.52
5.81, -25.2, -29.42
5.61, -25.4, -29.26
5.52, -26.03, -29.1
5.54, -26.85, -28.94
5.29, -26.26, -28.89
5.33, -24.57, -28.8
5.23, -24.19, -28.62
4.94, -20.69, -28.56
5.22, -15.16, -28.5
4.38, -5.92, -28.39
3.85, 1.77, -28.81
3.4, 6.46, -30.43
3.62, 8.58, -32.18
4.02, 9.17, -33.61
4.14, 7.03, -34.78
4.28, 3.77, -35.62
4.71, 0.17, -36.14
4.57, -4.15, -36.16
4.99, -3.99, -36.25
4.27, -4.03, -36.56
4.51, -2.42, -36.44
4.49, -1.32, -36.38
3.93, -0.17, -36.46
3.83, 1.57, -36.84
3.96, 3.66, -37.11
4.36, 5.18, -37.32
4.7, 5.22, -37.91
4.99, 3.74, -37.64
4.96, 1.3, -37.63
4.42, -2.43, -37.29
4.61, -1.9, -37.56
4.18, -2.58, -37.52
4.11, 0.06, -37.92
4.63, 1.45, -38.41
4.55, 2.31, -38.07
4.27, 1.6, -38.26
3.73, 1.21, -38.45
4.1, 1.82, -39.08
4.4, 2.21, -39.32
4.42, 1.1, -39.33
4.27, 0.58, -39.12
4.25, 1.02, -39.15
4.66, 1.26, -39.08
4.47, 0.26, -39.35
4.22, 0.78, -39.47
4.44, 2.9, -39.61
4.62, 2.29, -39.83
4.11, 2.42, -39.83
3.92, 3.2, -40.07
4.27, 2.86, -40.15
4.47, 1.44, -39.98
4.01, 0.95, -40.75
4.43, 2.08, -40.63
4.5, 1.31, -41.25
3.9, 2.09, -41.4
4.14, 3.9, -41.66
4.71, 4.58, -41.4
4.52, 3.63, -41.56
4.01, 2.31, -41.56
4.01, 3.25, -41.7
4.62, 3.99, -41.59
4.49, 3.23, -42.06
4.26, 2.5, -41.97
4.54, 3.06, -41.99
4.43, 2.94, -41.53
4.17, 1.86, -41.57
4.34, 2.39, -41.65
4.29, 2.54, -41.66
4.08, 2.07, -41.54
4.26, 3.46, -41.84
4.35, 3.68, -41.77
4.1, 2.99, -42.26
4.08, 2.28, -42.01
4.0, 3.5, -41.89
4.44, 4.28, -41.68
4.35, 3.76, -41.59
3.77, 3.61, -41.69
3.87, 5.11, -41.84
4.62, 4.9, -41.57
4.42, 3.59, -41.42
3.69, 3.17, -41.39
4.39, 4.49, -41.35
4.54, 3.84, -41.35
3.97, 4.36, -41.26
4.21, 4.91, -41.31
4.68, 5.27, -41.53
4.29, 4.86, -41.49
3.8, 4.94, -41.85
4.36, 6.42, -42.04
4.66, 6.77, -41.8
4.39, 5.5, -41.9
3.98, 5.44, -42.02
4.45, 5.91, -42.24
4.33, 5.89, -42.24
4.02, 5.35, -42.6
4.2, 5.88, -43.12
4.41, 6.72, -43.01
4.52, 5.63, -43.44
4.25, 5.7, -43.33
4.38, 6.42, -43.15
4.69, 6.54, -43.04
4.64, 5.92, -43.31
4.26, 5.49, -42.86
4.34, 6.48, -43.0
4.68, 6.64, -42.8
4.32, 6.1, -42.49
4.05, 6.23, -42.28
4.42, 7.04, -42.69
4.29, 6.27, -43.11
3.68, 5.9, -43.45
4.05, 7.19, -43.66
4.63, 7.57, -43.61
4.21, 6.62, -44.12
3.95, 5.4, -44.29
4.22, 6.46, -44.46
4.16, 6.46, -44.3
4.06, 5.86, -44.4
4.37, 6.66, -44.19
4.41, 5.4, -44.55
4.33, 5.02, -43.52
4.25, 6.07, -44.11
4.59, 5.51, -43.64
4.54, 4.29, -43.63
4.31, 5.01, -43.6
4.74, 5.75, -43.53
4.79, 5.5, -42.75
4.13, 6.18, -43.62
4.56, 6.98, -43.87
5.01, 6.8, -43.66
4.82, 5.32, -43.33
4.38, 4.39, -42.76
4.87, 5.02, -42.67
4.57, 4.82, -42.47
4.08, 5.81, -42.79
4.24, 7.32, -42.81
4.63, 8.62, -42.52
4.95, 8.17, -42.52
4.62, 7.53, -43.06
4.34, 7.53, -43.2
4.32, 8.48, -43.42
4.89, 8.38, -43.41
4.63, 7.26, -43.94
3.9, 6.66, -44.13
4.3, 7.6, -43.98
4.38, 8.53, -43.8
3.8, 7.7, -43.67
3.79, 7.8, -43.96
4.56, 9.07, -44.06
4.59, 8.54, -44.35
4.07, 7.37, -44.04
4.36, 8.39, -44.13
4.56, 7.97, -43.9
4.28, 6.51, -43.76
4.15, 7.01, -44.84
4.43, 7.47, -44.72
4.22, 6.53, -44.59
3.85, 7.11, -45.42
4.03, 8.31, -45.34
4.75, 7.64, -44.91
4.4, 6.36, -44.83
4.04, 7.57, -44.81
4.7, 8.16, -44.43
4.49, 7.83, -44.31
3.87, 7.37, -44.46
4.28, 9.06, -44.64
4.7, 9.8, -44.3
4.36, 9.62, -44.63
3.84, 8.91, -44.52
4.04, 9.11, -44.98
4.56, 9.38, -44.96
4.42, 8.67, -45.12
3.92, 8.0, -44.56
4.33, 8.17, -44.53
4.4, 8.65, -44.59
4.35, 7.89, -44.6
4.37, 8.25, -44.92
4.5, 9.71, -45.03
4.63, 9.31, -45.04
4.24, 8.84, -45.31
4.29, 9.45, -45.37
4.44, 10.39, -45.23
4.69, 9.57, -45.13
4.29, 8.5, -45.23
4.22, 9.05, -45.37
4.4, 10.3, -45.26
4.7, 9.9, -45.38
4.24, 8.78, -45.61
3.84, 8.94, -46.03
4.04, 10.19, -45.74
4.49, 9.85, -45.94
4.21, 8.72, -46.07
3.69, 9.73, -46.3
4.23, 10.78, -46.22
4.45, 10.6, -46.02
4.11, 9.39, -45.91
3.66, 9.48, -46.52
4.17, 10.25, -46.66
4.4, 10.38, -46.51
3.87, 9.16, -46.52
3.71, 8.86, -46.44
4.27, 10.13, -46.44
4.06, 10.38, -46.84
3.55, 10.05, -47.53
3.82, 10.45, -47.46
4.21, 11.79, -47.49
4.51, 11.52, -47.33
4.18, 9.83, -47.29
4.02, 8.59, -47.39
3.99, 9.93, -47.16
4.21, 10.13, -46.83
4.02, 8.34, -46.36
3.63, 9.47, -46.55
4.21, 10.32, -46.57
4.0, 9.47, -46.44
3.62, 9.07, -47.12
3.71, 10.13, -47.52
4.33, 10.74, -47.55
4.18, 9.47, -47.81
3.59, 9.01, -48.12
3.88, 11.0, -48.4
4.39, 11.42, -48.14
4.25, 9.78, -47.89
3.53, 8.81, -48.46
3.91, 9.38, -49.24
4.2, 10.23, -48.83
3.71, 9.88, -48.7
3.66, 9.48, -49.21
4.13, 10.43, -49.19
4.36, 9.81, -48.84
3.89, 8.69, -48.45
4.03, 8.64, -48.39
4.18, 11.03, -48.04
4.37, 10.53, -47.97
3.92, 9.55, -47.75
3.85, 10.22, -47.48
4.12, 11.01, -47.82
4.17, 9.86, -47.51
3.97, 8.53, -47.33
3.75, 8.87, -47.67
4.23, 9.56, -47.19
4.09, 9.13, -47.67
3.66, 9.1, -47.49
4.11, 10.17, -47.42
4.48, 9.33, -47.24
4.13, 7.92, -47.07
3.94, 8.18, -47.7
4.52, 8.65, -46.98
4.35, 8.21, -47.17
3.91, 9.17, -47.2
4.36, 10.29, -47.08
4.72, 10.39, -46.86
4.46, 9.65, -46.83
4.02, 9.5, -46.62
4.2, 10.09, -46.71
4.84, 10.26, -46.36
4.34, 9.03, -46.34
3.79, 9.1, -46.56
4.41, 9.49, -46.24
4.51, 9.86, -46.01
3.84, 8.92, -46.33
4.07, 9.63, -46.69
4.56, 10.24, -47.0
4.14, 9.83, -46.81
4.02, 9.62, -46.85
4.58, 10.87, -47.02
4.62, 11.24, -46.56
4.24, 9.92, -46.72
4.06, 8.96, -46.51
4.75, 9.96, -46.95
4.41, 9.62, -46.49
4.27, 9.18, -46.79
4.28, 9.97, -46.86
4.42, 10.41, -46.54
4.26, 9.44, -46.45
3.76, 10.21, -47.93
4.17, 10.84, -47.58
4.52, 9.84, -47.67
3.97, 9.32, -48.0
3.99, 10.18, -48.03
4.38, 10.64, -48.05
4.17, 9.87, -47.87
3.54, 8.78, -47.63
4.1, 8.68, -48.07
4.45, 9.62, -47.99
4.01, 8.93, -47.5
3.89, 9.1, -47.95
3.9, 10.53, -47.73
4.23, 10.51, -47.54
4.16, 9.51, -47.65
3.44, 9.08, -47.56
4.21, 10.13, -47.22
4.66, 9.6, -46.76
4.08, 9.15, -46.79
4.14, 9.76, -47.11
4.31, 12.01, -46.77
4.3, 12.24, -47.25
4.19, 11.23, -47.39
3.99, 11.1, -47.3
3.74, 11.31, -47.52
4.34, 11.75, -47.38
4.53, 10.81, -47.6
3.7, 10.43, -47.75
3.96, 12.08, -47.84
4.69, 12.89, -47.26
4.61, 12.23, -47.54
4.3, 10.04, -47.62
4.34, 10.77, -47.8
4.47, 11.37, -48.23
4.51, 10.12, -47.73
3.87, 10.49, -47.77
4.3, 11.49, -47.49
4.62, 11.51, -47.25
4.05, 11.22, -47.39
3.74, 10.3, -47.95
4.38, 11.26, -48.1
4.19, 10.91, -48.01
3.87, 9.59, -48.18
4.04, 10.28, -48.9
4.16, 10.08, -49.35
4.15, 10.08, -49.05
4.04, 12.02, -48.87
4.4, 12.61, -49.04
4.14, 11.01, -48.93
3.91, 10.28, -48.85
3.9, 10.92, -49.0
4.66, 9.82, -48.73
4.31, 9.85, -48.02
4.5, 10.95, -47.72
4.98, 10.47, -46.95
4.29, 9.09, -47.0
4.14, 9.18, -46.76
4.86, 9.76, -46.12
4.25, 8.8, -46.23
4.16, 9.3, -46.54
4.74, 10.81, -46.26
4.45, 10.25, -46.21
4.11, 9.85, -46.56
4.24, 10.75, -46.67
4.22, 11.11, -46.5
4.02, 9.12, -46.38
3.76, 9.32, -46.29
4.25, 8.63, -46.42
4.19, 7.27, -46.5
3.89, 9.07, -46.49
4.6, 9.45, -46.31
4.24, 8.33, -46.19
4.0, 9.85, -46.55
4.75, 10.03, -46.2
4.28, 9.01, -46.05
4.07, 8.98, -46.0
4.77, 9.43, -45.64
4.18, 8.08, -45.48
4.39, 8.2, -45.43
4.67, 9.2, -45.28
4.05, 8.51, -45.2
4.14, 10.14, -45.43
4.26, 11.74, -45.66
4.0, 10.67, -45.65
3.91, 10.01, -46.5
3.9, 10.83, -46.31
4.56, 10.63, -46.17
4.23, 10.39, -46.12
4.27, 11.67, -46.22
4.8, 11.26, -45.91
4.03, 10.47, -45.89
4.15, 11.0, -46.53
4.56, 10.59, -46.36
3.86, 9.31, -46.7
4.13, 10.16, -46.93
4.18, 10.34, -46.96
3.6, 9.52, -46.85
4.28, 11.1, -48.07
4.1, 10.94, -47.89
3.61, 9.75, -47.91
4.23, 11.58, -47.88
4.09, 10.23, -47.69
3.99, 8.97, -47.75
4.36, 10.18, -47.45
4.29, 8.77, -47.4
3.9, 8.37, -47.13
4.4, 8.0, -46.6
3.96, 9.09, -46.28
3.85, 8.22, -45.89
5.02, 6.84, -45.39
5.74, 6.35, -44.7
5.02, 6.36, -44.51
4.61, 6.02, -44.2
4.43, 6.33, -43.86
4.27, 6.31, -43.48
4.19, 5.89, -43.14
4.13, 6.01, -42.94
4.09, 6.47, -42.6
4.15, 6.34, -42.29
4.01, 6.26, -42.07
4.06, 6.48, -41.88
4.04, 6.49, -41.72
4.12, 6.09, -41.51
4.1, 5.72, -41.37
4.13, 5.56, -41.15
4.15, 4.89, -40.91
4.22, 3.99, -40.7
4.26, 3.36, -40.45
4.25, 2.76, -40.2
4.29, 2.1, -39.89
4.43, 1.42, -39.62
4.38, 1.3, -39.4
4.33, 1.13, -39.12
4.28, 0.86, -38.9
4.28, 0.93, -38.73
4.19, 1.63, -38.81
4.1, 1.67, -38.74
4.16, 1.6, -38.54
4.17, 2.45, -38.6
4.11, 3.45, -38.6
4.16, 3.91, -38.07
4.09, 4.19, -39.4
4.13, 4.57, -39.16
4.13, 4.75, -39.12
4.17, 4.37, -39.07
4.22, 3.96, -39.07
4.13, 3.69, -39.18
4.16, 3.2, -39.07
4.14, 2.17, -38.94
4.28, 1.66, -38.77
4.25, 2.24, -38.73
4.24, 2.69, -38.55
4.31, 2.44, -38.49
4.21, 2.54, -38.46
4.23, 3.73, -38.45
4.17, 4.63, -38.55
4.14, 4.83, -38.52
4.17, 5.11, -38.62
4.17, 6.19, -38.77
4.14, 7.06, -38.89
4.11, 6.98, -39.01
4.15, 6.76, -39.16
4.12, 7.27, -39.3
4.11, 7.5, -39.4
4.21, 7.35, -39.02
4.18, 6.32, -39.09
4.16, 6.12, -39.21
4.12, 5.87, -39.25
4.21, 4.89, -39.16
4.18, 3.96, -39.64
4.16, 4.01, -38.87
4.23, 3.82, -38.77
4.24, 2.99, -38.67
4.18, 2.74, -38.63
4.19, 3.46, -38.58
